1434c848dbbd8,vehicle/fx8_exhaust_arav
31d8daa67db7b,fire/fx_fire_trail_tendrils_oil_tanker_biodome
36a9dd505e78a,zm_ai/fx8_dog_tail_glow
499ea5bc7422e,zm_weapons/fx8_www_shrink_enemy_death_os
68072fe634841,light/fx_light_robot_set_blink_lg_yellow
9074648ef05a5,zombie/fx8_magicbox_arrival
9e42178ffd484,zm_ai/fx8_cata_plasma_transform
adc8ba958660f,ui/fx8_ui_ct_plane_marker_team_b500
b1f8f8d8a6c3d,impacts/fx8_bul_impact_concrete_xsm
d125e634fa9d5,impacts/fx8_bul_impact_water_fatal
f622fe59abb84,electric/fx8_elec_gp_wire_sparking_sml_anim
112285285f66e6,weapon/fx8_equip_supplypod_exp
1363f2a2a310ca,maps/zm_escape/fx8_trap_light_red
14bf4a18bd0e82,weapon/fx8_amulet_impact
17cc33dceb35b2,smoke/fx8_smk_column_wind_xlg_dark
1d0029a8b596df,light/fx8_light_plyr_strobe
1d8d0e1c15f221,explosions/fx8_exp_grenade_surface_sand_child
1fb030055ea029,ui/fx8_ui_ct_plane_marker_team_b1000
20158e85bbe1a8,weapon/fx8_muz_smg_cap_3p
21a0e4fc3d5c81,fire/fx_fire_ai_robot_head_loop
22d98cdc297692,explosions/fx8_exp_rocket_lg_sand
240d4f0fd5c685,vehicle/fx8_treadfx_sand_tread_front
27218e85c214ba,weapon/fx8_muz_smg_cap_1p
27d69df291cf7a,vehicle/fx8_treadfx_snow_peel
27e37012378951,weapon/fx8_muz_smg_mp40_1p
28a74e717df332,maps/zm_escape/fx8_ghost_seagull_trail
2ecf70123d8603,weapon/fx8_muz_smg_mp40_3p
34d97288c8f10f,weapon/fx8_hero_sig_radiation_phase2_friend_v4
3c56d9305fbba7,zm_weapons/fx8_blundersplat_impact
3c6ad5876d68e2,zm_ai/fx8_stoker_projectile_coal_charge_hand
416251c94477aa,zm_weapons/fx8_www_drag_enemy_ember_leg_left
441d98e27aa467,zm_weapons/fx8_tomahawk_impact_fire_ug
4423797da94172,dirt/fx8_dust_fall_sm_impact
44e9d7a0322add,zm_weapons/fx8_blundersplat_exp_bounce
471cb4af30c88f,ui/fx_koth_marker_orng
476ea25ece046e,zombie/fx_robot_helper_revive_player_zod_zmb
48141a2fd72b5a,zm_weapons/fx8_aat_plasmatic_burst_torso
4a6854fa564ca7,impacts/fx8_bul_impact_money_head_fatal
4d7f3fb30f8be3,explosions/fx8_exp_grenade_wood
4da0fdbc9511cf,weapon/fx8_trail_balloon
4efd9312084c23,destruct/fx_dest_glass_shard_impact_burst
5384d01e513526,zm_weapons/fx8_tomahawk_trail_ug
5397e5cc2f1002,zombie/fx8_perk_blaze_phase_charging
55dc23ae9ca695,zm_ai/fx8_dog_torso_glow
571b212f0708f8,maps/zm_towers/fx8_boss_attack_eye_trail
5cd5e7058c4890,weapon/fx8_hero_bow_lnchr_impact_sm
5e95fc735be104,maps/zm_escape/fx8_magicbox_lock
5efa7ef7e5d3f3,smoke/fx_smk_column_wind_slow_sm_tall_dark
601a45600de1df,impacts/fx_bul_impact_metal_hero_minigun
646dda31ebe3b2,electric/fx_elec_sparks_directional_sm_os_neg_x_orange
650fd26bc49888,impacts/fx8_bul_impact_fireworks_runner_fatal_head
662ca049df4098,ui/fx_dom_marker_team
66fe5e0ca3cb04,wz/fx8_player_outside_circle
68ea2f568dcd96,wz/fx8_plyr_pstfx_numbers
696527ecb861ae,zm_ai/fx8_dog_eye_single
69eddadb92619d,maps/zm_white/fx8_toxic_gas_vent_machine
70083038b2ca78,killstreaks/fx8_predator_exp_tendril_emit
73348bb260f2f8,ui/fx8_ui_ct_plane_marker_team_b750
778bd1154fe651,impacts/fx8_bul_impact_robot_head_nonfatal_exit
79bded8317f71d,maps/zm_red/fx8_wq_dormant_transform_ouranos
79c5dcf5c3d9d4,impacts/fx8_bul_impact_robot_head_nonfatal
7c244d94b43a75,zombie/fx_tesla_electric_bolt_ug_zmb
7ce72b9821b0c2,vehicle/fx8_treadfx_asphalt_peel
7d5697657fd313,zombie/fx_tesla_shock_ground
84625a8c3bbfd0,destruct/fx_dest_paper_flat
8765aa3f48456d,water/fx_water_impact_object_sm
8a2cf3d4a2a019,/destruct/fx_dest_paper_trash_can
8d8f604a7f757e,ui/fx_dom_marker_team_r120
90794c3a87874a,ui/fx_koth_marker_yellow_window
911deba03df78a,light/fx_light_robot_set_base_blink_lg
92022dde8c1630,zm_weapons/fx8_www_drag_enemy_death
922da2bc4cf4c8,ui/fx_dom_cap_indicator_neutral
9748832a5f6ccf,ui/fx_koth_marker_contested_window
9b146109daed3a,player/fx8_plyr_blood_drip_last_stand
9c15425667d247,killstreaks/fx_mship_smk_trail_2_mp
9c3b91f370e2f6,maps/zm_towers/fx8_boss_attack_eye_flash
9c9dada57bd79f,player/fx8_plyr_shocked_stage1_3p
9d93702f88a2e8,maps/mp_jungle2/fx8_fire_floor_sm
9dc68733f89cc8,player/fx_plyr_tablet_activation_loop
9f1d5520f6f4aa,zm_weapons/fx8_magmagat_impact_md
a20702996f1321,weapon/fx_trophy_detonation
a3f770be5e86a1,impacts/fx8_bul_impact_wz_metal_sm
a6325520fd3707,zm_weapons/fx8_magmagat_impact_sm
a93107017d3260,maps/zm_escape/fx8_spinning_trap_sparks_child
a9529e8d05f549,maps/zm_escape/fx8_wolf_soul_charge_impact_sm
a9b4ea77417285,dirt/fx_dust_exp_ground_shock_md
afca0c7e1d602f,vehicle/fx8_treadfx_water_skid_emit
b0c8140eef8798,impacts/fx8_bul_impact_wz_water_base
b17ff4195fded6,smoke/fx8_smk_chimney_sm
b87cd2ce72c500,weapon/fx_hero_bow_lnchr_glow
b9a47c2e4717d1,zombie/fx_spawn_dirt_hand_burst_zmb
baa3609df05e73,weapon/fx_hero_grvity_spk_grnd_hit_dust
bbabd1af1f96da,player/fx_plyr_swim_splash_hand
bc8035da249cab,zm_ai/fx8_blightfather_weakspot_elbow_amb
c107df280615f0,maps/zm_office/fx8_fxanim_zm_office_code_paint_9
c108df280617a3,maps/zm_office/fx8_fxanim_zm_office_code_paint_8
c10fdf28062388,maps/zm_office/fx8_fxanim_zm_office_code_paint_1
c110df2806253b,maps/zm_office/fx8_fxanim_zm_office_code_paint_0
c111df280626ee,maps/zm_office/fx8_fxanim_zm_office_code_paint_3
c112df280628a1,maps/zm_office/fx8_fxanim_zm_office_code_paint_2
c113df28062a54,maps/zm_office/fx8_fxanim_zm_office_code_paint_5
c114df28062c07,maps/zm_office/fx8_fxanim_zm_office_code_paint_4
c115df28062dba,maps/zm_office/fx8_fxanim_zm_office_code_paint_7
c116df28062f6d,maps/zm_office/fx8_fxanim_zm_office_code_paint_6
c42b8374c1d1e8,explosions/fx_exp_grenade_flshbng
c448aa3f7bc244,water/fx_water_impact_object_md
c601fd5abd792b,explosions/fx_exp_grenade_smoke_dot
c66c5756348558,impacts/fx8_bul_impact_blood_trail
c76baa3f7e3394,water/fx_water_impact_object_lg
c7bb0e4dcee15c,zm_ai/fx8_cata_elec_elbow_ri
cb90752f602657,impacts/fx8_bul_impact_raven_body_fatal
cbe83c696ccfd9,weapon/fx8_impact_secretsanta_ch
cc4655c9eaa8b4,light/fx_light_robot_set_lg_yellow
cd08e0692e60f1,impacts/fx8_bul_impact_sand_lg
cd3ef000333e5b,impacts/fx8_grapple_impact_glass
ce930e4dd4bc12,zm_ai/fx8_cata_elec_elbow_le
d25b1d8e206104,impacts/fx8_bul_impact_money_uw
d422d3cecef193,zombie/fx_barrier_buy_zmb
d93d6279404d01,zm_weapons/fx8_www_shrink_enemy_torso_os
db9214c76cd0f2,maps/mp_firingrange2/fx8_water_shower_floor
db9b3535758bbd,zm_ai/fx8_cata_cor_aura_c
dd1fb530e201a2,impacts/fx8_bul_impact_confetti_headshot_fatal_robot
de68d74e3da4dc,impacts/fx8_bul_impact_money_head_nonfatal
df0e2aca672a68,vehicle/fx_elec_teleport_escort_drone
df38d3b1453bbb,zombie/fx_spawn_dirt_body_billowing_zmb
e1b4ea934af016,maps/mp_slums2/fx8_dust_motes_ground
e269dfa9bb6a69,killstreaks/fx8_dart_thruster
e28d6cab3c8923,light/fx8_light_plyr_strobe_ch
e2ff1cd25243d2,impacts/fx8_bul_impact_dirt_uw_sm
e7395fb42d35f6,weapon/fx_trail_grenade
eec0ceed2911e0,explosions/fx_exp_grenade_spark_bounce
ef20be1f0aa72d,zm_weapons/fx8_raygun2_ug_impact_flesh
f127a62acd37ee,_t7/killstreaks/fx_drgnfire_impact_sparks
f30c0a8ac6a47f,destruct/fx_vdest_pamws_dmg_turret_2
f30d0a8ac6a632,destruct/fx_vdest_pamws_dmg_turret_1
f7dbdfb328486e,weapon/fx8_muz_ar_stand_3p
f865f4199bb54b,smoke/fx8_smk_chimney_lg
fceabfd6c2cf30,explosions/fx8_exp_grenade_spark_bounce
fe55641b63b46e,maps/zm_towers/fx8_boss_dmg_weakspot_organ
ff0f1c313d84e1,ui/fx_dom_marker_neutral_r200
ff84b311867e82,blood/fx8_raven_decal_impact_ground
102da865fec7c58,fire/fx8_spot_sm_int
105fb1c31438193,ui/fx_dom_marker_neutral_r220
109811c31469b1c,ui/fx_dom_marker_neutral_r250
10b1d86dabf86b8,explosions/fx8_exp_grenade_surface_metal_child
10e19317a12dbbf,weapon/fx_prox_grenade_impact_bolts
10ef51cd2776dbf,impacts/fx8_bul_impact_dirt_uw_lg
1149e1ae4bc223b,zm_weapons/fx8_scepter_ray_zmb_hit_eye
11751336a260aeb,dirt/fx_dust_fall_sm_lit
117971ae4be4c2d,zm_weapons/fx8_scepter_ray_zmb_hit_exp
11afee069707144,impacts/fx8_bul_impact_sand_sm
11c104f1f9c8dbc,weapon/fx8_trail_flechette
11cc27787e47413,impacts/fx_bul_impact_water_hero_minigun
11d887cc85e2cb8,zm_ai/fx8_bat_transform_impact
11e23c849ed0926,maps/zm_red/fx8_soul_charge_white
1228f862397daff,killstreaks/fx_care_package_thruster_dust
122e02f2abf1b33,weapon/fx8_hero_flamethrower_begin_1p_uw
127495f599a3db4,wz/fx8_zm_box_marker
1285df10e85e9ce,killstreaks/fx_sentinel_tendril_os
1286924914c8f04,maps/zm_towers/fx8_boss_attack_spear_trail
129f6ab26baba9f,dlc1/castle/fx_packapunch_castle
12e385a068947a7,destruct/fx_dest_book02_flat
133562ee5bd684b,impacts/fx8_bul_impact_money_body_nonfatal_exit
1347f5077a17dcb,maps/zm_office/fx8_barrier_buy_zmb
134b5e60362d3e8,zombie/fx_bgb_anywhere_but_here_teleport_aoe_kill_zmb
134df7ba3254414,zm_weapons/fx8_equip_homunc_death_exp
1361a81387eab34,zm_ai/fx8_blightfather_bloody_splat
13794d772b59d99,impacts/fx_bul_impact_armor_head_fatal_exit
137de5f08fbf6fa,vehicle/fx8_treadfx_concrete_peel
139f311e8d25450,impacts/fx8_proj_impact_water_lg
13a05c9a2a29e0e,weapon/fx8_hero_sig_disrupt_sentry_barrel
13a313438a3a4e1,dlc1/castle/fx_castle_electric_cherry_down
13bf771fd516487,maps/zm_escape/fx8_alcatraz_brut_shock
13c1018ee350769,impacts/fx8_bul_impact_money_body_fatal
13dc2debff422d1,zm_weapons/fx8_www_drag_enemy_torso
1414533b9caf67c,_t6/impacts/fx_flesh_hit
1428c154a4bbe99,dirt/fx8_dust_interior_md
14333c5eea11ec6,player/fx_plyr_water_body_decal
144c678e86570fa,water/fx_water_drip_xsm_splash
148fa7254a57d4b,weapon/fx8_hero_bow_lnchr_trail_emit
149863f7693585f,killstreaks/fx_mship_smk_emit_child_2
14afd11e8e0d881,impacts/fx8_proj_impact_water_sm
14bce4b7d73bc5f,electric/fx8_elec_sparks_directional_os_orange_physics
14d2912dc7e01d6,zm_ai/fx8_elec_zombie_blast_area_c
1501a719bbc82ac,explosions/fx8_exp_rocket_lg_glass
153fcbb5a54fde2,vehicle/fx_treadfx_snow_skid_child
1558709c3130f6e,weapon/fx8_shellejects_sniper_resting
156900b61510d36,impacts/fx8_bul_impact_blood_limb_nonfatal
157a41aade9552a,_t7/steam/fx_steam_lab_dry_ice
15c779c48fd6856,player/fx8_plyr_pstfx_acid_screen
15d2910909896ff,fire/fx_fire_candle_flame_tall
160049c6c36123b,light/fx8_light_plyr_base
161579e17b19eab,vehicle/fx8_treadfx_default_tread_child
165701f4804bba5,impacts/fx8_bul_impact_concrete_uw_xlg
1676a58d92eb053,weapon/fx_hero_arm_blade_death_sparks
169fa992c40216a,zombie/fx_bul_flesh_neck_spurt_zmb
16a556cce8fb8b4,impacts/fx_bul_impact_armor_body_nonfatal_exit
16ab5cb13a9af8c,explosions/fx8_exp_elec_equip_sm
16bd1b8ea044032,fire/fx8_spot_sm
16db01a438e3419,impacts/fx8_bul_impact_gravel_uw_xxlg
16dfb2a48cbb490,killstreaks/fx_mship_smk_trail_1_mp
170072e1e54fd8b,weapon/fx_prox_grenade_wrn_red
171b3bfef1e3766,maps/zm_mansion/fx8_water_splash_fountain_line_sm
17464e137aabec8,destruct/fx_vdest_debris_elec_surge_sm_os
177204d81648f03,impacts/fx8_bul_impact_metal_uw_xxlg
178d56bca069fb4,zm_ai/fx8_spartoi_reassemble_displace_trail
17919a35aa091fa,zm_ai/fx8_stoker_death_hip
17a02aa9da46d92,fire/fx_fire_ai_robot_torso_os
17b05236caead9a,impacts/fx8_bul_impact_money_body_fatal_exit
17c778dfe42bb50,weapon/fx_prox_grenade_elec_trail
17e2ef8b99a3768,zombie/fx8_magicbox_amb_open_flash
17e44d92a2d827a,dirt/fx_dust_fall_sm_impact_lit
181cae90eb9e041,zombie/fx_idgun_ug_hole_sm_zod_zmb
183b91e068e0dbd,zombie/fx_blood_torso_explo_lg_os_zmb
185a069551613dc,maps/zm_red/fx8_soul_charge_green
186b7c6aea2cea8,weapon/fx_prox_grenade_impact
187c96c03952ec5,zombie/fx8_perk_altar_symbol_ambient_stronghold
18a24841c1e00c9,_t6/maps/zombie/fx_zombie_bar_break
18df2d619e61f0c,zm_ai/fx8_cata_plasma_blast_c
18fe39f5726d205,_t6/vehicle/treadfx/fx_treadfx_dust
19361bb6a9a5d2d,zm_ai/fx8_cata_elec_death
19653c13044e91a,killstreaks/fx_sg_distortion_cone_ash_sm
1976e054e0c0622,weapon/fx_betty_exp_death
198c7b8ea2b1d1f,fire/fx8_spot_lg
199aa40f704fb10,maps/zm_red/fx8_soul_blue
19b4d71747e2a2c,weapon/fx8_muz_hero_sig_grapple_reelin_1p
19be6b8ea2d87a3,fire/fx8_spot_md
19c1ece55af2785,zm_weapons/fx8_aat_plasmatic_burst_head
19eef4af4b0e70f,impacts/fx8_bul_impact_glass_xtreme
19fd95de4724e08,zm_weapons/fx8_scepter_ray_zmb_hit_shock
1a2b2b097068de5,weapon/fx_muz_smk_silenced_1p
1a35a9f8c081fea,light/fx_ability_glow_chest_ravage_core
1a43af584991763,killstreaks/fx8_atkchpr_chaff_flare
1a54c8bb3959d60,weapon/fx_c4_light_orng
1a58173d0477862,impacts/fx8_bul_impact_electric
1a9beb0970cc0f7,weapon/fx_muz_smk_silenced_3p
1ab918fb323cf2c,zm_ai/fx8_stoker_death
1ad270dc85a0376,destruct/fx_dest_glass_burst_sm
1ad81f6f15b86ee,zombie/fx8_teleport_instant_1p
1afedb3962bfd45,weather/fx_rain_system_drop_impact_med
1b05e513b9d8f3a,impacts/fx8_bul_impact_electric_body_fatal
1b171538558f5a4,zombie/fx8_perk_winters_wail_exp_decal
1b33bb22601397b,zm_ai/fx8_gegenees_spear_impact
1b439cf04a6c2cd,zm_weapons/fx8_www_shrink_globe_death_os
1bcf46b552c2a30,explosions/fx8_exp_grenade_surface_concrete_child
1bd100a8a8ef08c,impacts/fx8_bul_impact_fireworks_body_nonfatal
1bd9583e7ee8f03,maps/zm_white/fx8_toxic_gas_housing_ext
1bde109a0765272,impacts/fx8_bul_impact_mud_xsm
1be8fdc48d8d5dd,maps/zm_towers/fx8_boss_dmg_weakspot_gem_blue
1c26b848da7bf3f,electric/fx_elec_sparks_directional_os_y_orange
1c3249499fb26b1,killstreaks/fx8_tankrobot_previs_invalid_os
1c37d9e3e7abbd6,zombie/fx8_magicbox_amb_plinth
1c5d96cb8067ade,zm_weapons/fx8_blundersplat_muzzleflash
1c9988168b858d5,weapon/fx_trail_rocket_emp_puff
1cb431141985b02,impacts/fx8_bul_impact_raven_runner_nonfatal
1ce761f485daee0,impacts/fx8_bul_impact_concrete_uw_xsm
1d2bd3bb869430e,maps/zm_office/fx8_teleporter_origin
1d2dcb013a19287,electric/fx_ability_elec_surge_short_pamws
1d4895c4f2d3a27,electric/fx_elec_sparks_directional_sm_os_neg_y_orange
1d71c144fe90886,_t6/explosions/fx_default_explosion
1dc451a16def3d6,vehicle/fx_headlight_hemtt_left
1dd657f24c81844,smoke/fx8_smk_vent_sm_wide
1df56c69d76c9ad,fire/fx_fire_ai_robot_arm_left_loop
1e0c1182580add0,impacts/fx8_bul_impact_snow_xlg
1e2a63b3f726780,weapon/fx8_muz_sm_pistol_3p
1e6c655cf41d84c,impacts/fx_object_dirt_impact_md
1e7fae51fa03d2d,maps/zm_escape/fx8_pwr_up_blood_trail
1e8153200d2cdd0,impacts/fx8_grapple_impact_dirt
1e81614132b4a7e,_t6/impacts/fx_flesh_hit_knife
1e8748f97f7de30,zombie/fx_tesla_muz_world_zmb
1e9b23b3f789a92,weapon/fx8_muz_sm_pistol_1p
1e9d709a09b7c5f,impacts/fx8_bul_impact_mud_xlg
1ea2e1ade516ce2,zm_weapons/fx8_www_dazed_bubble_trail
1ea569d399d3dd1,maps/zm_escape/fx8_magicbox_opened_nt
1eba9105afa6bd2,killstreaks/fx_mship_smk_emit_child
1ec8c77f20b1632,killstreaks/fx_heli_exp_debri_trail
1ef9b27c2ac8275,impacts/fx8_bul_impact_concrete_uw_xxlg
1f1cb18258f3201,impacts/fx8_bul_impact_snow_xsm
1f1ddda7b8d9a21,smoke/fx_smk_ai_human_leg_right_os
1f397376b81d9ef,impacts/fx_bul_impact_blood_body_fatal
1f448e1a71c505d,maps/zm_mansion/fx8_silver_hit_coil
1f5fe165871c0e5,impacts/fx8_bul_impact_wz_sm
1fb156aa297b6f6,impacts/fx8_bul_impact_base_xlg
1fb16781e3a959f,fog/fx8_fog_ground_wind_150x150
1fd093eb2276be8,weapon/fx8_hero_sig_disrupt_smartcover_ch
20000088d4c3f79,zombie/fx8_perk_dying_wish_3p
20042bdcc89cd35,ui/fx_koth_marker_red_window
206af13a37e379a,impacts/fx8_bul_impact_glass_uw_xlg
206d75150c2464e,explosions/fx_exp_grenade_water_shllw
208157188013fec,zombie/fx_idgun_ug_hole_lg_zod_zmb
2098b6cd5480623,zombie/fx8_wallbuy_amb_reverse
20bc35e1568ffa6,zombie/fx8_perk_blaze_phase_flame_pulse
2109b01c6632763,smoke/fx_smk_ai_human_arm_right_os
213cb518100fa34,weapon/fx8_trail_crossbow
2172517482ddd8b,impacts/fx8_bul_impact_concrete_sm
21ad275226af072,maps/zm_escape/fx8_ghost_seagull_trail_lg
21de69029125f63,impacts/fx8_bul_impact_blood_body_nonfatal_exit
2239162cbb1d01f,zombie/fx_ritual_gateworm_glow_red_zod_zmb
225287695ddf9c9,_t6/misc/fx_zombie_cola_dtap_on
225bff53a6dabdc,impacts/fx8_bul_impact_gravel_uw_sm
228c90c18d23cea,zm_ai/fx8_avo_elec_aura_weakened
22a4fa483be6b03,weapon/fx8_shellejects_sniper
22c1124e1134c28,maps/zm_escape/fx8_portal_lightning_orange
22d3cdb93e01de5,_t6/weapon/grenade/fx_spark_disabled_rc_car
22d7e11256f8590,weapon/fx_trail_quad_rocket
22dbeb5d6a3829c,weapon/fx8_muz_flare_gas_3p
22f2f174842806a,impacts/fx8_bul_impact_concrete_lg
23133c401c40154,weapon/fx8_muz_smg_stand_3p
233cab5d6a802ae,weapon/fx8_muz_flare_gas_1p
236d3333098fd53,maps/zm_towers/fx8_challenge_head_blood_burst
2381fc401c9fe06,weapon/fx8_muz_smg_stand_1p
23850ec71873c82,_t6/weapon/claymore/fx_claymore_laser
23af7ebd685b73d,weapon/fx8_shellejects_shotgun_purple
23c5ffff63a3929,vehicle/fx8_treadfx_snow_tread_child
23d261706bc60a1,impacts/fx_bul_impact_concrete_hero_minigun
23f49aaf4f41d2f,impacts/fx8_flechette_impact_default
2400f7d1aa3345e,player/fx8_plyr_footstep_tracker_r
240197d1aa3455c,player/fx8_plyr_footstep_tracker_l
240ebc321f8ae8e,zm_ai/fx8_gegenees_weakpoint_impact
24213aeb33e6e4d,player/fx_plyr_jump_dust
2438f66136dd277,zm_ai/fx8_cata_plasma_blast_tell_head
243ee8129521697,impacts/fx8_bul_impact_blood_limb_nonfatal_uw
24475c97e048648,weapon/fx8_hero_sig_shockrifle_spike_impact
24612bce69a3066,zm_ai/fx8_blightfather_death_exp
24decea28717b7c,zm_ai/fx8_werewolf_eye_glow
24e528e0918a31c,zm_ai/fx8_nova_crawler_mq_projectile_impact
2508ae4744fa3f3,zombie/fx8_magicbox_opened_c
255ba1e54330098,fire/fx_ability_fire_immolation_wing_wasp
256fcb6aaed3b80,_t6/misc/fx_equip_light_green
259302b68c31ae9,destruct/fx_dest_spark_tendril_small_os
25bfcf2e08c7f04,weapon/fx_muz_md_gas_flash_3p
25cdb0e889711d2,zombie/fx_bgb_respin_cycle_box_flash_zmb
26060b70ce93d7e,zm_ai/fx8_zombie_eye_glow_red_trail
262e8f2e0927bb6,weapon/fx_muz_md_gas_flash_1p
2649f37d9968dee,weapon/fx8_hero_sig_lightning_death_dog
264d8a6991a0e4b,fire/fx_fire_ai_human_hip_left_loop
26550886e2876c5,killstreaks/fx_agr_vlight
266f5305e9a553a,maps/mp_jungle2/fx8_fire_roof_sm
26d0f6c7629255c,zm_ai/fx8_blightfather_vomit_splat
26d8054ac9da64d,impacts/fx8_bul_impact_metal_sm
26e05c87d492b2b,explosions/fx_exp_rocket_quadtank_default
27356175cb607d2,impacts/fx8_bul_impact_fireworks_head_nonfatal
273accb3bd088bb,maps/zm_office/fx8_teleporter_spawn
27ab9f53ab5e1a9,impacts/fx8_bul_impact_gravel_uw_lg
27ea1b2f3644339,zombie/fx_trail_gem_blue_doa
281a58c959d7e00,impacts/fx_bul_impact_mud_hero_minigun
2887dd13686bdb5,explosions/fx_exp_oil_tanker_biodome
2894650a04f70bf,zm_ai/fx8_marauder_dest_weak_point_exp_generic
28ab5654d4375f4,weapon/fx_trophy_radius_indicator
28b6d710df48c0f,impacts/fx8_bul_impact_lava
2928726a840144e,_t6/bio/player/fx_player_arm_dust_slide
29440205394474d,dirt/fx8_dust_fall_md_impact
29465cac0ab7ee1,zombie/fx_widows_exp_grenade
294f58e65b449a0,zm_weapons/fx8_equip_mltv_fire_human_torso_loop_zm
2964c8aa8707bb5,dirt/fx8_sand_blowing_lg
2966521e46a6991,weapon/fx8_muz_xlg_gas_1p
2992d25d92b26ab,impacts/fx8_bul_impact_robot_limb_nonfatal_exit
29b54f52dca6506,smoke/fx8_column_md
29c1a5672216926,zm_ai/fx8_dog_death_exp
2a138c91a79e46d,maps/zm_escape/fx8_flame_wall_128x128
2a175127f337dd2,dirt/fx8_dust_fall_impact_sm
2a183453ff2b29e,zm_ai/fx8_cata_water_purify
2a1fa174ba9bd98,weapon/fx_prox_grenade_scan_bolts
2a216e67b38bc14,zm_ai/fx8_blightfather_weakspot_elbow_amb_uw
2a28243e6e34fe5,impacts/fx8_bul_impact_default_uw_lg
2a82669af8f6be0,zm_weapons/fx8_raygun_world_ug_zmb
2a9af87bf643abd,/destruct/fx_dest_paper
2ad8654acd39474,impacts/fx8_bul_impact_metal_lg
2adf554768c4af5,zombie/fx8_power_debris_amb
2b2058255664cbe,zm_ai/fx8_cata_elec_aura
2b26f3fa1018561,impacts/fx8_bul_impact_blood_head_nonfatal_exit
2b2d240fc02f885,impacts/fx_bul_impact_default_sm
2b68c766f67ab38,impacts/fx8_bul_impact_money_head_fatal_exit
2b68eb8e3092b13,smoke/fx8_smk_candle
2b95e616cb6425b,impacts/fx8_flechette_impact_wood
2b9f5d388cc7f57,impacts/fx8_bul_impact_blood_body_fatal_zm
2c355dd09407749,impacts/fx8_bul_impact_dirt_base_sm
2c4c7341f1675a4,vehicle/fx8_treadfx_motorcycle_peel
2c5fc8694dabb4d,light/fx_light_robot_set_blink_yellow
2c98e9e5659db9c,maps/zm_towers/fx8_boss_attack_eye_tell_trail
2ca76d57e15f7e0,vehicle/fx8_treadfx_water_tread_front
2cbcad90c5ab83e,fire/fx8_fire_candle_flame_med
2cc6d6c9cbe71fa,maps/zm_orange/fx8_samantha_ground_portal_loop
2ccda305ef0da8b,maps/mp_jungle2/fx8_fire_roof_md
2cd6b127f58a7bf,dirt/fx8_dust_fall_impact_lg
2cdf132c17d42f6,impacts/fx8_bul_impact_blood_limb_fatal_uw
2ce1709004167aa,zm_weapons/fx8_aat_elec_torso
2ce72e11bca87a1,zombie/fx8_perk_altar_symbol_ambient_mule_kick
2cfee16971637f4,impacts/fx8_bul_impact_glass_sm
2d08a127f5b1243,dirt/fx8_dust_fall_impact_md
2d4023ffa74e9d4,zombie/fx_ritual_glow_relic_zod_zmb
2dcf73f34219a7e,zombie/fx8_perk_altar_symbol_ambient_dying_wish
2de83813760a919,weapon/fx8_muz_lg_smk_1p
2e58f813766dc2b,weapon/fx8_muz_lg_smk_3p
2e93bdd09611a58,impacts/fx8_bul_impact_dirt_base_lg
2e93e6280a5b97f,electric/fx_elec_rail_1_os_zod_zmb
2eafc17a432322a,zm_ai/fx8_cata_cor_death
2eb37303494db28,light/fx_light_veh_wasp_under
2ec2123a7855006,dirt/fx8_dust_motes_light
2ed0fd388f8051e,impacts/fx8_bul_impact_blood_body_fatal_uw
2eef8169730f981,impacts/fx8_bul_impact_glass_lg
2f07a0f951e4db8,maps/mp_jungle2/fx8_fire_fuel_sm
2f33c7137ab0379,impacts/fx8_bul_impact_raven_body_nonfatal_uw
2f379f52e1519bb,smoke/fx8_column_sm
2f6c3df53586600,ui/fx8_infil_marker_shoutcaster_axis
2f78bf0dd11ede4,electric/fx_elec_sparks_monitor_dest
2f83dab67500ebd,zombie/fx_tesla_muz_view_zmb
2fa0f961fbad32e,impacts/fx8_bul_impact_snow_lg
2fcc2cf3a30a1c5,explosions/fx8_exp_grenade_mini_concrete
2fe05961fbeab07,impacts/fx8_bul_impact_snow_sm
2ffb7db71976309,maps/zm_escape/fx8_flame_wall_256x256
3018e2c404d6f4b,_t6/trail/fx_trail_blood_streak_mp
3023c54469bbc06,impacts/fx8_bul_impact_dirt_xlg
304f0f409db36cd,fire/fx_fire_candle_flame_flicker_med
3069bd67965cf57,explosions/fx8_exp_grenade_default
30c8843e73df620,impacts/fx8_bul_impact_default_uw_sm
30d00918797c285,player/fx_plyr_footstep_dust_dirt
30fcf684336ed82,zm_ai/fx8_cata_cor_aura_locked
3154256452f0e4e,smoke/fx_smk_ai_human_head_os
315e4e2af02ac52,dirt/fx_dust_fall_md_lit
316bbabc9ac8d7c,water/fx8_water_sink_rattle
31859eba48a81a9,weapon/fx8_muz_md_smk_1p
31c354188aa380d,weapon/fx8_amulet_impact_robot
31cf2228c3ca512,smoke/fx_smk_dmg_trail_puff_sm_emitted_os
31e6e31fbc09994,impacts/fx8_bul_impact_wz_gravel_base_xlg
31ecd01ff9ca8c7,zm_weapons/fx8_www_dazed_vortex
31f33feb6674c45,vehicle/fx8_treadfx_default_peel_fr
31f45feb6676adb,vehicle/fx8_treadfx_default_peel_fl
31f65eba490b4bb,weapon/fx8_muz_md_smk_3p
31f7a59c0f7eb4d,impacts/fx8_bul_impact_raven_limb_nonfatal_exit
32276bdb8ee0ada,zm_ai/fx8_stoker_projectile_coal_charge_bicep
3247cb06926de1a,zombie/fx_weapon_box_marker_zmb
3264064b69e379c,fire/fx_fire_ai_human_arm_left_loop
32af94fc67eb65a,vehicle/fx_treadfx_asphalt_skid_child
32b9ff30cbd7029,zm_ai/fx8_stoker_charge_head
32de15b2f32004a,electric/fx8_sparks_burst_dir_sm_z030_orange_os
32f8b07f84af27c,zm_ai/fx8_zombie_eye_glow_orange
33175c69980857f,weapon/fx_betty_exp
33243193ee63d4f,zombie/fx8_perk_blaze_phase_charged
339af87b1ad0da7,impacts/fx8_bul_impact_blood_corpse_nonfatal_uw
33b23142184b7a9,impacts/fx_bul_impact_boss_head_fatal_exit
33b425446cb8b7f,impacts/fx8_bul_impact_dirt_xsm
33b6ba4b46e0462,vehicle/fx8_treadfx_default_tread_front
33b851d265a38a1,impacts/fx8_bul_impact_blood_body_fatal
33be8b9b4c33b0f,vehicle/fx8_vdest_heli_rotor_destroyed
34010b5aefa63f4,impacts/fx8_bul_impact_fireworks_limb_fatal_uw
340b79db3fe36fb,weapon/fx_hero_bow_lnchr_trail_emit
341a08f9c7aed7f,zm_ai/fx8_gegenees_spear_trail
341c518dfe5106f,destruct/fx8_exp_debris_trail
344f84c6143752d,impacts/fx8_bul_impact_default_xsm
3462cdae832f073,zombie/fx_bgb_burned_out_fire_torso_zmb
3477e5fc9e885b1,maps/zm_escape/fx8_flame_wall_64x64
348563381142c0d,zm_ai/fx8_nova_crawler_mq_projectile
34931931a7ab226,blood/fx8_blood_cam_impact_spray_zm
34a0d7d356df36f,maps/zm_towers/fx8_boss_attack_eye_tell
34b20f00fc3e300,weapon/fx8_hero_grvity_spk_grnd_hit_default
34be810b7f57d6f,killstreaks/fx_vtol_supply_exhaust_engine
34d96c54e9b5f3c,weapon/fx8_hero_grvity_spk_grnd_hit_concrete
34f5281def200d8,zm_weapons/fx8_blundersplat_exp
34f534302e13a56,zm_weapons/fx8_www_spin_tornado_reveal
3509d54a396b738,impacts/fx8_grapple_release_glass
35144f277929fbe,impacts/fx_flesh_hit_knife
3522389b7dfe87f,impacts/fx8_bul_impact_soul_limb_fatal_exit
3535a49b41b3f5e,impacts/fx_bul_impact_heavy_head_nonfatal_exit
353657dc956f0d5,impacts/fx8_bul_impact_soul_runner_fatal_uw
353ef82e8f51454,fire/fx8_campfire
3557a826fa52402,weapon/fx_prox_grenade_scan_orng
359d2d17d2c7326,impacts/fx8_flechette_impact_glass
35bfad7772a8570,impacts/fx8_bul_impact_concrete_uw_sm
35ef4d7772cb115,impacts/fx8_bul_impact_concrete_uw_lg
3613e307817774e,weapon/fx8_shellejects_rifle
36284821ea3902e,explosions/fx8_exp_grenade_glass
36290ea37bcc150,zombie/fx8_perk_winters_wail_freeze
367906a77da6c4c,electric/fx8_elec_spark_gib_robot_limb_rgt
3699d52f544fbbc,impacts/fx8_bul_impact_sand_xsm
369faf5981b2cff,impacts/fx8_bul_impact_soul_corpse_nonfatal
36c5392a254f0c6,zm_ai/fx8_cata_water_purify_underwater
36d2617efc112fc,maps/zm_red/fx8_soul_yellow
36ec400a57ba627,killstreaks/fx8_atkchpr_chaff_trail
36eddeae7db5f3c,killstreaks/fx_heli_smk_trail_engine
36f515466a2fe90,impacts/fx8_bul_impact_base_lg
374b01af8371a62,dirt/fx8_dust_fall_md
3767d3edb134bc3,explosions/fx8_exp_grenade_mini_default
377c7cab22b323f,zm_ai/fx8_cata_elec_death_main
3788f1af83acb26,dirt/fx8_dust_fall_lg
37a202a54dce6d9,player/fx_plyr_footstep_tracker
37c58a55751d9e6,zm_ai/fx8_stoker_amb_torso
37d1af274985769,wz/fx8_death_circle_cue
37f6c1d3e0c661d,maps/zm_red/fx8_soul_red_c
3805b5466b182c1,impacts/fx8_bul_impact_base_sm
38326a376a00d4e,maps/zm_escape/fx8_magicbox_leave
3847d99659d45d4,weapon/fx8_muz_ar_dbl_3p
384b2378ea57ba8,wz/fx8_magicbox_marker_fl_red
384b8efbf5476d6,player/fx8_plyr_pstfx_vomit_loop
38503139eee81e1,blood/fx8_blood_decal_pool_ground_sm
385f175f22b82be,killstreaks/fx_predator_exp_tendril_emit
385fe4c617b1654,impacts/fx8_bul_impact_default_xlg
3870ccbca24a8f9,impacts/fx_bul_impact_snow_hero_minigun
38aab6e0e33594f,zombie/fx_idgun_ug_hole_xsm_zod_zmb
38aac959423912f,zm_weapons/fx8_raygun_world_zmb
38b09bb58dc4418,fire/fx8_line_xsm
38b4e6f1a0f8896,weapon/fx_trophy_light_friendly
38b699965a34286,weapon/fx8_muz_ar_dbl_1p
392803059c3f583,weapon/fx8_equip_light_os
392b80b294ea346,zm_ai/fx8_cata_water_aura_underwater
39e4e7c0e85dde4,weapon/fx_incend_grenade_impact
39e8f8482d07fe4,destruct/fx_debris_ground_fire_imp_long_os
3a0a5d1ff9073d1,zm_weapons/fx8_magmagat_impact_loop
3a1323ffa7f61e3,killstreaks/fx_vtol_thruster
3a1ec1d5c96a148,impacts/fx8_bul_impact_wz_concrete_base_xlg
3a48649fdc7a733,impacts/fx8_bul_impact_soul_runner_fatal_head
3a58caf3033cb82,weapon/fx8_hero_sig_lightning_death_hands
3a5ed52e7ee8dd6,maps/zm_escape/fx8_portal_lightning_yellow
3a61c7509e6d67d,electric/fx_elec_sparks_dir_sm_os_orange
3a87e3df18a3241,weapon/fx_muz_chppr_vtol
3a8bb774ab61c17,weapon/fx_muz_chppr_flash_sm_3p
3a995b92e1e1248,weapon/fx_hero_bow_lnchr_accelerator
3abe4a9ce6abd32,explosions/fx_exp_robot_torso_death
3ad0898ca9069e6,zm_ai/fx8_stoker_death_knee
3b11357dcee831c,dirt/fx8_dust_md_vista
3b22162a96d9389,zombie/fx8_magicbox_opened
3b2951af86c4d9f,dirt/fx8_dust_fall_sm
3b52862cbfae664,impacts/fx8_bul_impact_blood_head_nonfatal
3b5e91e0d127576,impacts/fx8_bul_impact_base_uw_xsm
3bac35097409d5f,zm_ai/fx8_nova_crawler_elec_projectile_impact
3bca8acc7ffa144,vehicle/fx8_treadfx_snow_tread_front
3be0c4156e401dc,zombie/fx_tesla_shock_eyes_zmb
3be9752f58d3189,impacts/fx8_bul_impact_sand_xlg
3c02b156e133359,zombie/fx8_barrier_window_concrete_zmb
3c513bb590dcd5d,fire/fx8_line_xlg
3cae83a26bc4870,zombie/fx_powerup_grab_caution_zmb
3cc0c2f8479137e,electric/fx8_elec_sparks_burst_xsm_omni_blue_os
3cc988327dcc0a6,player/fx_plyr_slide_3p_dust_dirt
3cd47396276ff09,impacts/fx8_bul_impact_robot_limb_fatal
3cf17d7289084a8,zombie/fx_tesla_rail_view_ug_zmb
3cf7fcaf13e4e7a,maps/zm_escape/fx8_trap_light_green
3cfa507324896ef,weapon/fx_light_spike_launcher
3d097f983d47f3c,zm_weapons/fx8_viper_bite_attack
3d11be4d6128be7,impacts/fx8_flechette_impact_dirt
3d1b0a01a4a3f20,impacts/fx8_bul_impact_electric_head_fatal
3d20897c00ce9dc,maps/zm_towers/fx8_boss_attack_slam_trail_lg
3d5fc97c010be4f,maps/zm_towers/fx8_boss_attack_slam_trail_os
3d6485ff720120b,zm_weapons/fx8_blundersplat_muzzleflash_ug_3p
3d7c6e6f95235a2,weapon/fx_c4_exp
3da5ed2ca21255f,maps/zm_escape/fx8_multi_blood_trail
3da9259acdae5fe,maps/zm_white/fx8_robot_mannequin_head_sparks_burst
3db52fe650da154,destruct/fx_dest_exp_decal_bubbling_embers
3db842e8f7d2d2f,impacts/fx8_bul_impact_base_uw_lg
3dd00fd6453c4b3,impacts/fx8_bul_impact_soul_body_fatal_uw
3df5265f9d96113,zombie/fx8_perk_altar_symbol_ambient_zombshell
3df9418864f08e6,impacts/fx8_bul_impact_robot_limb_nonfatal
3e3623e03cb4c5c,ui/fx_dom_marker_team_r90
3e3d8aabbb080d7,killstreaks/fx_uav_bunner
3e4a9885ea1f139,impacts/fx_bul_impact_metal_spark_bounce
3ea55c11dafa45e,impacts/fx8_bul_impact_blood_body_nonfatal
3eab20962df4fd6,killstreaks/fx8_predator_trail
3eb1a140b780930,zombie/fx_tesla_muz_ug_view_zmb
3eb31bab2fd967a,blood/fx_blood_decal_impact_ground_zmb
3eb98e77c25624c,maps/zm_towers/fx8_boss_dmg_weakspot_gem_red
3eff42712995ee6,vehicle/fx8_treadfx_concrete_tread_emit
3f0b353ddbc6926,dirt/fx8_dust_fall_md_local
3f168cd6cb8a43e,fire/fx8_fire_side_sm
3f6556d37fdd605,killstreaks/fx_heli_exp_smk_trail
3f6b8e41ad5800b,player/fx_plyr_footstep_dust
3f82f776e5e0685,zm_weapons/fx8_raygun_trail_ring_emit_ug_zmb
3fc4edab55c99fa,fog/fx8_fog_mist_ground_slow_xsm
3fdcf1e0d4ffeeb,impacts/fx8_bul_impact_base_uw_xlg
3fdff3e87fa64b4,weapon/fx8_muz_rocket_xm_3p
3ffd8c85b4da392,impacts/fx8_bul_impact_blood_body_fatal_exit
403eb3e87feae66,weapon/fx8_muz_rocket_xm_1p
40440f5450b313b,smoke/fx8_smk_vent_lg
40637a8f2308903,_t6/system_elements/fx_snow_sm_em
4072ff5450d4a2f,smoke/fx8_smk_vent_md
408a29da555383b,maps/zm_escape/fx8_portal_loop_red
40a181e0cd37884,weapon/fx_prox_grenade_exp_smk_ling
40f07cef1e065e9,impacts/fx8_bul_impact_wz_sand_base
40f18a0dde1388e,fire/fx_fire_candle_flame_med
40f401a2b50b2e4,ui/fx8_fracture_plyr_marker
4100e196c4075bc,explosions/fx8_exp_rocket_sand
41059c54e14f546,weapon/fx_trail_fake_bullet
4137f7ee1bdd155,vehicle/fx8_treadfx_water_tread_child
4138e183a0d2b8f,zm_weapons/fx8_raygun2_world
413e9cff6c2c52e,maps/zm_towers/fx8_boss_eye_glow
41455232c8efbcf,maps/zm_escape/fx8_energy_portal_activate
418617e58e67c8d,impacts/fx8_bul_impact_raven_limb_nonfatal_uw
41b162e21c5f54e,impacts/fx8_knife_impact_blood_uw
41b9cbfada197f4,zm_ai/fx8_nova_crawler_elec_explode
41c8bd24c43fc77,maps/zm_towers/fx8_boss_attack_spear_exp
41c8e2e8fb4d522,impacts/fx8_bul_impact_base_uw_sm
41f5962dee6b0f0,weapon/fx_hero_lightning_gun_muz_glow_3p
42387378f42f8f6,zm_weapons/fx8_raygun_geotrail_zmb
424c33aabe8324a,zombie/fx8_perk_altar_symbol_ambient_dead_shot
425021c14828449,maps/zm_red/fx8_soul_charge_yellow
42625bfba95ca0c,zm_ai/fx8_blightfather_vomit_craft_purchase
4266562deece402,weapon/fx_hero_lightning_gun_muz_glow_1p
426edd6dd5f8f10,explosions/fx8_exp_grenade_mini_mud
4288c4493dadcbc,destruct/fx8_safeguard_robot_exp
4291af5452a0ce6,smoke/fx8_smk_vent_sm
42951d6c1ad94df,weapon/fx_hero_bow_lnchr_trail
429c99ca6ec550e,zombie/fx8_perk_altar_symbol_ambient_blood_wolf
42cb982b3b70e34,dlc0/nuketown/fx_de_rez_man_spawn
42e7d311cb1a6b7,fire/fx_fire_ai_human_hip_left_os
430fb29fae937a6,electric/fx8_sparks_burst_dir_xsm_z225_orange_os
4345af7e7b44f50,zm_weapons/fx8_blundersplat_muzzleflash_3p
43472935672caa1,smoke/fx_smk_ambient_battle_dmg_sm
4350a342b0747bd,maps/zm_white/fx8_lgt_pap_console_green
43f11075e114f81,player/fx_plyr_water_jump_out_splash_1p
43f9776c4f15f85,zm_weapons/fx8_equip_homunc_spawn
442db17b83460ad,_t6/misc/fx_zombie_cola_revive_on
4466246c8f18024,impacts/fx8_bul_impact_ice
44687311962da61,zombie/fx8_magicbox_amb_plinth_trail
449a9ce69eaab60,zombie/fx_idgun_ground_displace_zod_zmb
44c07b5948e2127,maps/zm_white/fx8_quest_mannequin_initial_sparks
44d3875c55f1dc3,zm_ai/fx8_cata_elec_footstep
44e26c5689cea68,impacts/fx8_bul_impact_raven_body_fatal_exit
44e534eab86631f,zm_ai/fx8_stoker_dest_weak_point_exp_arm
450799105d06dc6,impacts/fx8_bounce_equip_dust
4532dff7eec966f,zombie/fx_tesla_bolt_secondary_zmb
45d361d81c21b41,zombie/fx_idgun_vortex_zod_zmb
45ec07f52efe0d1,_t6/weapon/emp/fx_emp_explosion_equip
460888668a421ee,ui/fx_dom_cap_indicator_neutral_r120
46cc7262090401a,weapon/fx_prox_grenade_exp_trail
471303df560b9cf,debris/fx8_debris_glass_fall_impact
475b8217fb1d0d8,vehicle/fx8_treadfx_dirt_peel
4769a59ac809478,weapon/fx8_muz_ar_dmg_1p
478f710ca1b1ed6,weapon/fx_trail_rocket_wasp
47930b04250e825,_t6/trail/fx_trail_blood_streak
4793a4878362b42,_t7/killstreaks/fx_supply_drop_smoke
47b9cdf1a94fcb4,explosions/fx8_exp_grenade_semtex_default
47d7c60dbb7c558,electric/fx_elec_sparks_directional_orange
47da659ac86c78a,weapon/fx8_muz_ar_dmg_3p
47ea3358526141b,fire/fx8_spot_xlg
48066aa161fec47,zm_ai/fx8_blightfather_vomit_purchase
4822509a3795d21,water/fx_water_drip_physics
482b4951741df21,maps/zm_towers/fx8_special_round_green_gas_ground
4850d6396813b2e,killstreaks/fx_emp_explosion
4892654f5d0133c,maps/zm_red/fx8_soul_charge_red
48afd498edf55f3,impacts/fx8_bul_impact_robot_body_nonfatal_exit
48d222fb3048a3b,zm_weapons/fx8_ww_tundragun_impact_ug
48e8c9651f00819,zm_ai/fx8_cata_elec_blast
48fd79cf2a26ddb,player/fx_plyr_swim_splash_foot
48ffdf413786d9c,zm_weapons/fx8_www_drag_portal_orb_trail
4931c0b954e43b6,impacts/fx_bul_impact_sand_hero_minigun
493fd714d3fb401,zombie/fx_idgun_vortex_explo_ug_zod_zmb
4945fecbb8c1cca,explosions/fx_vexp_raps_death_side
494713158da09ea,impacts/fx8_bul_impact_blood_limb_fatal_exit
494cb3c2a3c9c3a,zm_ai/fx8_dog_lightning_spawn
495f1af1eb1081d,dirt/fx8_dust_fall_md_local_os
4994f29c0de20f3,smoke/fx_smk_ai_human_torso_os
49b34b9f76c285a,zm_ai/fx8_avo_elec_teleport_flash
49b8680486a75cd,zm_weapons/fx8_ww_thundergun_impact_zombie
49cff37c25defc4,weapon/fx_betty_light
49d2789fc29dd7b,zm_ai/fx8_cata_cor_mouth
49f091d13da3663,zm_ai/fx8_dog_eye_glow
4a1ed7fe233c494,zm_weapons/fx8_raygun2_view
4a37d358544efc6,fire/fx8_spot_xsm
4a4ad16decf6160,_t6/bio/player/fx_footstep_mud
4a4fdc179823939,impacts/fx8_bul_impact_blood_limb_fatal
4a72a1878b95dd4,_t6/misc/fx_zombie_bloodsplat
4adc5d454284943,weapon/fx8_shellejects_saw_link_resting
4b1f7052d32300e,maps/zm_escape/fx8_pap_lightning_bridge_up
4b2b75ee2114e7a,zombie/fx_tesla_tube_view3_zmb
4b4b27591e674a4,zombie/fx8_perk_altar_symbol_ambient_widows_wine
4b5aa841a50abe4,maps/zm_orange/fx8_samantha_ground_portal_open
4b78f913268b146,impacts/fx8_bul_impact_water_xlg
4b8335a65c1f48b,impacts/fx_bul_impact_boss_body_fatal_exit
4c6dc6eb6d5929f,impacts/fx_bul_impact_heavy_body_nonfatal
4c7118b4f2757fa,zombie/fx8_wallbuy_reveal_os
4c88786d9ac5cbb,zombie/fx_powerup_on_caution_zmb
4c9961195f364c6,impacts/fx8_bul_impact_money_body_nonfatal
4cab5a8272eeb4f,debris/fx8_debris_glass_fall_rattle
4cc0edd4bb883cd,zombie/fx_powerup_on_red_zmb
4d09e0c5ad11d22,killstreaks/fx8_predator_trigger
4d34be51def32e2,dirt/fx_dust_crumble_impact
4d512b39483f47f,light/fx_light_robot_set_blink_xlg_yellow
4d55f4dfc0455f8,impacts/fx_flesh_hit_knife_noblood
4d71f68f045a741,maps/zm_white/fx8_toxic_gas_lg
4d801309391eb13,zm_ai/fx8_nova_crawler_mq_explode
4daf329403533b4,maps/zm_office/fx8_teleporter_destination
4dc7fa7fcf0344f,zm_ai/fx8_elec_shock_ground
4de331221cc83eb,zm_weapons/fx8_raygun2_impact
4e027f5e38ae76d,impacts/fx8_bul_impact_soul_runner_nonfatal
4e36cb29e98879b,zombie/fx_widows_muz_view_zmb
4e3ea8d5b39be57,maps/zm_white/fx8_quest_mannequin_explode_main
4e7ed71e67b11c2,zombie/fx_powerup_grab_green_zmb
4e825a9f8ac3c33,zm_ai/fx8_avo_elec_projectile
4f12ae06b0ae356,zombie/fx_bgb_burned_out_1p_zmb
4f19591329a33bf,impacts/fx8_bul_impact_water_xsm
4f25de55bf43a31,explosions/fx8_exp_grenade_mini_snow
4f551af60c2eb5d,maps/zm_escape/fx8_ghoul_spoon
4fe6ff9d8fa6894,fire/fx_fire_ai_human_head_os
5008c5a0854e270,killstreaks/fx_sc_lights_grn
500b7bdfb701c3e,weapon/fx_trophy_detonation_trail
500e41a4f3408e9,player/fx_plyr_swim_bubbles_body
5028d18ddb1757a,weapon/fx_turret_shelleject_expel
5046ca8114af653,maps/zm_white/fx8_insanity_wisp
505441ad0041c6a,weapon/fx_incend_grenade_trail
506c38014b4793c,zombie/fx_idgun_hole_xl_zod_zmb
5089b82259c7d7a,killstreaks/fx8_tankrobot_previs_valid_os
508d091d2568792,weapon/fx_attchmnt_laser_3p
50abeb490a2a2f8,_t6/bio/player/fx_water_hit_player_bubbles
50b0b801a28ad7f,impacts/fx8_bul_impact_blood_body_nonfatal_uw
50bc3e0ce22e99d,weapon/fx8_equip_ied_impact
5146504768c835f,explosions/fx_exp_bomb_demo_mp
514f2439f97fe94,zm_weapons/fx8_raygun_trail_ring_emit_zmb
51605801a32aad2,impacts/fx8_bul_impact_blood_body_nonfatal_zm
516db8194b624aa,fire/fx8_torch_brazier_sm_int
518b046b857159f,killstreaks/fx_predator_exp
518b6b936b7898f,zm_ai/fx8_avo_elec_aura_main_c
51a40d2d405df81,impacts/fx8_bul_impact_raven_corpse_nonfatal_uw
51ae008256464a5,killstreaks/fx8_drone_tank_damage_state
51b1ab12522bffa,zombie/fx_raygun_impact_zmb
51ca69d2f44f3d7,ui/fx_koth_marker_white_window
520a1d4f3e0ad4b,zm_weapons/fx8_aat_plasmatic_burst_torso_fire
5212649bf4162b3,light/fx_light_headlight_pbr
52171f7e87d102f,zm_weapons/fx8_blundersplat_muzzleflash_ug
522098832a5cbd9,lensflares/fx_lensflare_light_bulb_direction
5232a956b9bc55c,animals/fx8_bio_flies_wz
52571e687720df1,impacts/fx_bul_impact_wood_uw_lg
52788816950ed36,zm_ai/fx8_blightfather_chaos_missle
52960d3e558f362,impacts/fx8_grapple_impact_snow
52a4163027004f0,player/fx_plyr_water_splash_sm
52a598b99de5333,ui/fx8_ui_ct_plane_marker_team_b250
52d4d348b20817c,zombie/fx_egg_ready_zod_zmb
52d5c94ecc534e1,ui/fx_koth_marker_neutral_window
52e54d905323416,zm_weapons/fx8_www_shrink_globe_os
52e7f094b7c3503,zm_ai/fx8_cata_water_aura_head_underwater
5311e630275e825,player/fx_plyr_water_splash_md
531e0f007e608a8,zm_ai/fx8_blightfather_death_exp_c
53286962fe0c0c5,player/fx8_plyr_breath_steam_1p
533f9e1e6c0f9d0,wz/fx8_zm_box_marker_red
53658cded89dab7,impacts/fx8_bul_impact_wood_xsm
536e7e0d7d0819c,maps/zm_escape/fx8_portal_loop_yellow
53879291d614ab5,zombie/fx_powerup_on_solo_zmb
53972973713db01,weapon/fx8_muz_lg_gas_1p
53992962fe6f3d7,player/fx8_plyr_breath_steam_3p
53c31a9114d6029,weapon/fx8_equip_ied_active
53c849eb4131856,weapon/fx_brass_knuckle_taunt_sparks
53edc6819e6224e,impacts/fx8_grapple_impact_default
53f249332aeedd9,zm_weapons/fx8_www_drag_enemy_ember_arm_right
53f5e97371824b3,weapon/fx8_muz_lg_gas_3p
541b2ddd36c69fc,_t7/killstreaks/fx_drgnfire_explosion
543fbc65a656a83,light/fx_light_robot_set_base
545eb09b988004e,zm_ai/fx8_nova_crawler_gas_cloud_lg
54e841f42a19f6d,weapon/fx8_hero_sig_disrupt_seeker
54f85697a65eb77,maps/zm_towers/fx8_special_round_green_gas_xlg
54fc712bdf06a00,weapon/fx8_muz_ar_mod_1p
5516c37716658b6,vehicle/fx8_treadfx_concrete_skid_child
55250d9e62066d7,impacts/fx8_bul_impact_thin_metal_sm
55460e9c67a29ad,player/fx8_plyr_emote_homunc_green_end
5558923d1acfcbb,light/fx8_light_pulse_red
556d312bdf69d12,weapon/fx8_muz_ar_mod_3p
55c77c18a17d592,ui/fx_dom_cap_indicator_team_r120
55d5c9bf86efb6d,destruct/fx_dest_window_glass_edge
55dadb9cfbf7b9a,zm_ai/fx8_nosferatu_dash_eyes
55e2a8dfa2bc693,dirt/fx8_dust_linger_100x100
5603fd5cb826c9b,impacts/fx8_bul_impact_money
56230b8e37b3b88,impacts/fx8_bul_impact_water_xxlg
56348bff5e9a503,weapon/fx_hero_lightning_gun_muz_flsh_1p_chrg
5637521c63cc472,fire/fx_fire_candle_med_on
5638e16244fa429,destruct/fx_dest_robot_limb_sparks_right
566a5b4d388c161,zombie/fx_ritual_sacrafice_glow_head_zod_zmb
566f72794f50fad,impacts/fx_bul_impact_gravel_hero_minigun
567bfb0a7b459d5,ui/fx8_theater_camera_head_glow_white
568b142fc1d5bd9,impacts/fx8_bul_impact_fireworks_body_nonfatal_uw
56bd7e61c61e120,wz/fx8_plyr_pstfx_barrier_lvl_01_wz
56c040d319f3398,explosions/fx8_exp_grenade_flshbng
56d6c3ab94aed4a,smoke/fx8_column_md_red
57034e20bc240a6,maps/zm_red/fx8_wq_dormant_transform_hemera
570cc7366377996,impacts/fx8_bul_impact_wz_concrete_base
5713b475769a73f,destruct/fx_dest_robot_dmg_dyn_piece_smk_emitted
572e159a10157b2,impacts/fx8_bul_impact_water_nonfatal
57307ee554c895c,impacts/fx8_hero_impact_grvity_spk_snow
574e05ec074fbab,player/fx8_plyr_footstep_tracker_blood_l
574ee5ec0751375,player/fx8_plyr_footstep_tracker_blood_r
576f6fa592fb227,weapon/fx8_equip_smart_cover_microwave
57b07279abb11cf,zombie/fx_tesla_muz_ug_world_zmb
57d002378ec934c,_t6/maps/zombie/fx_zombie_tesla_neck_spurt
57ee0734fc33bdb,weapon/fx_incend_grenade_trail_uw
58533e8293f131d,maps/zm_escape/fx8_spinning_trap_blood
58672fa2fde3aa0,impacts/fx8_bul_impact_fireworks_body_fatal_uw
58783f66b74d1d0,animals/fx8_bio_fly_dark_50x50
589b7f3afc1703e,smoke/fx_smk_ai_human_waist_os
58a00ea42586dbd,zombie/fx_parasite_exp_death_zmb
58b227559fe0083,weapon/fx_shellejects_minigun
58d33e5ca0daf54,zm_ai/fx8_elec_zombie_blast_area
58e67ffc1bbcdba,electric/fx_elec_sparks_sm_drip_os
59017f41745034e,wz/fx8_plyr_pstfx_barrier_lvl_03_wz
5907ad409ce819c,zm_weapons/fx8_www_drag_enemy_ember_head
5922dc209f9c489,zombie/fx8_magicbox_skull
59381938bce01a5,impacts/fx8_knife_impact_bone
595016468b075ce,impacts/fx8_grapple_impact_concrete
5951b81b59a6d46,zm_weapons/fx8_aat_elec_exp
5990c81b59e3ca0,zm_weapons/fx8_aat_elec_eye
59b15e66db62721,maps/zm_escape/fx8_shield_glow_3p
59ba75ea27d7c09,impacts/fx8_bul_impact_wood_sm
59bfb0f5a2a9897,zombie/fx_bgb_anywhere_but_here_teleport_aoe_zmb
59f0993cf4ebe66,_t6/maps/zombie/fx_zmb_tanzit_upgrade
59f62cdede2d4be,impacts/fx8_bul_impact_wood_xlg
59f91da0939f6b2,maps/zm_towers/fx8_boss_death_soul_trail
5a201d33c8641a1,smoke/fx_smk_dmg_trail_puff_lg_emitted_os
5a201e66dbc23d3,maps/zm_escape/fx8_shield_glow_1p
5a99eb176affd8d,explosions/fx_exp_equipment_lg
5ab4f45bbfba6b3,ui/fx8_infil_marker_neutral_window
5ac5b86ee1b6fb3,zm_ai/fx8_nova_crawler_gas_trail
5ac86ea7873ad61,player/fx_plyr_flashback_demat
5ad5fa219eaa81f,killstreaks/fx_vtol_exhaust_engine
5aeba06c60de78d,ui/fx_ctf_flag_base_team_green
5aecb524ae99366,vehicle/fx8_treadfx_snow_tread_emit
5aecf30486cbef8,impacts/fx8_bul_impact_soul_body_nonfatal_uw
5af1ae8f8ae6f48,impacts/fx8_bul_impact_soul_runner_fatal
5b2af3d98b44a4d,zm_ai/fx8_blightfather_transform_puddle
5b4099839305f42,ui/fx8_fracture_drop_marker
5b4db1b08a0dea8,impacts/fx8_bul_impact_raven_runner_fatal_head
5b4f4be2b69464a,impacts/fx8_bul_impact_wz_base_xlg
5b50c4baba60ae3,zm_weapons/fx8_www_shrink_globe
5b5717d41bf2409,fire/fx_fire_ai_human_arm_right_loop
5bb5ad9e67960de,impacts/fx8_bul_impact_thin_metal_lg
5bc8395437b3654,explosions/fx8_exp_grenade_smolder
5be867971e01b4b,_t6/weapon/riotshield/fx_riotshield_depoly_dust
5c08d5ea29c6c18,impacts/fx8_bul_impact_wood_lg
5c2aeb8bac7e8be,dirt/fx8_dust_motes_100x100
5c4f54b2582d030,impacts/fx8_bul_impact_wz_sand_sm
5c75929a2eda05d,zombie/fx_idgun_ug_hole_xl_zod_zmb
5c81e489c5f97e0,impacts/fx8_grapple_impact_water
5c8f4142955de8f,zm_ai/fx8_elec_zombie_explode
5ca0624c644794b,zm_ai/fx8_blightfather_weakspot_jaw_amb_uw
5cb9900dc30eb8e,destruct/fx_dest_book03_flat
5cf16984ab2624c,zombie/fx_idgun_hole_sm_zod_zmb
5d0029b979dcbff,maps/zm_red/fx8_wq_dormant_transform_charon
5d04110d3fbc36b,explosions/fx8_exp_rocket_lg_metal
5d0a2cee07e8664,zombie/fx_spawn_blood_billowing_doa
5d356adcec8e04e,weapon/fx_turret_shelleject_resting
5d357022dfd4898,zombie/fx8_packapunch_zmb_red_gauntlet
5d71c3a3cd5a62e,impacts/fx_bul_impact_blood_head_fatal_exit
5d87d055814e8c3,maps/zm_red/fx8_soul_white_c
5d9986a93fe4b4b,electric/fx8_elec_spark_gib_robot_limb_lft
5d9dd486718775e,_t6/impacts/fx_flesh_hit_noblood
5dbbe72f5672543,zombie/fx8_power_debris_death
5def8345e8fd7bd,smoke/fx8_smk_smolder_sm
5dfddfc63c9d556,snow/fx8_snow_ground_rattle
5e26ecb3dcf69bd,water/fx8_water_drip
5e4bdae7585d9f1,dirt/fx8_dust_linger_200x200_thick
5e847e3f8e16f1a,player/fx_plyr_land_dust_md_dirt
5ecef195bf2fd46,weapon/fx8_hero_grvity_spk_grnd_hit_dirt
5ed360d4ca45056,zm_ai/fx8_blightfather_vomit_statue_purchase
5ee6425adf16fb6,_t6/maps/zombie/fx_zombie_bar_break_lite
5f10dcd8195bb9c,blood/fx_blood_decal_impact_ground
5f141b9bb0e7705,zm_ai/fx8_blightfather_vomit_box_purchase
5f43fdfe383f6e5,maps/zm_escape/fx8_portal_lightning_red
5f4bb8e8890aff1,impacts/fx8_flechette_impact_concrete
5f6703c39baa71d,impacts/fx8_bul_impact_lava_body_fatal
5fb17c8810b6f46,maps/zm_escape/fx8_pap_lightning_bridge
5fbc74ecece09dd,maps/zm_towers/fx8_boss_attack_eye_trail_sm
5fd3464c72e1a86,maps/zm_escape/fx8_ghost_light
5ff7974acd2ad5b,dirt/fx8_dust_fall_sm_local
60141eaba0900c7,_t6/impacts/fx_flesh_hit_splat
603acea4b72bb4e,impacts/fx8_bul_impact_money_limb_nonfatal
60816fab67830da,explosions/fx8_exp_grenade_concussion
60a5c8ef491156f,zm_weapons/fx8_www_drag_portal_orb
60d3851e5c54b7e,impacts/fx8_bul_impact_dirt_xtreme
60fafe2e7ced71c,explosions/fx_exp_grenade_water_surface_deep
6146c36f1793cdc,weapon/fx8_hero_bow_lnchr_trail_sm
618aecf5c25d4c2,explosions/fx8_exp_grenade_semtex_dirt
618b5463c248896,impacts/fx_bul_impact_armor_body_fatal
61ba85d86357413,impacts/fx_bul_impact_armor_body_nonfatal
61bf6b1f35d8bf1,maps/zm_escape/fx8_energy_portal_beam
61cbaf4e24097b0,zm_ai/fx8_nova_crawler_elec_teleport_appear
61da9149933ecf9,zm_ai/fx8_cata_water_purify_trail
61edb25a2fe6e28,maps/zm_red/fx8_wq_dormant_transform_gaia
621b74bc87fdbe6,light/fx_light_robot_set_yellow
622d6bdba0ff768,player/fx8_plyr_blood_drip_last_stand_splash
624687af14184ba,maps/zm_red/fx8_soul_blue_c
62954884cb0d791,zm_weapons/fx8_www_drag_enemy_ember_hip_left
62a5cb9a8762dcf,killstreaks/fx8_tankrobot_previs_valid
631d4ec059edfe4,electric/fx8_surge_short_robot
6330d0c06d30cec,impacts/fx8_bul_impact_raven_body_nonfatal
6369fa1565fcc03,maps/mp_slums2/fx8_dust_motes_ambient
638731d17b5e40c,explosions/fx8_exp_grenade_sand
63df2dd563a09d4,destruct/fx8_atk_chppr_exp_trail
6404c27d72c72d3,impacts/fx8_bul_impact_wz_sand_base_xlg
640fc357d5d217c,killstreaks/fx8_agr_explosion
644fa5fd144d2d2,_debug/fx_missing_fx
645964a145ebacd,electric/fx_sparks_burst_dir_sm_x_blue_os
6479a6885575e5f,weapon/fx_shellejects_pistol
648a6c2c5ebc58e,impacts/fx8_bul_impact_metal_uw_sm
64c32da69bb27cc,weapon/fx8_muz_chppr_flash_3p
64ecb85d8cf221e,weapon/fx_ir_scope_hearbeat
64f9fe57a63a952,impacts/fx_bul_impact_boss_head_nonfatal_exit
650c23de3b27bb4,impacts/fx8_flechette_impact_sand
6550823d73d9462,zm_ai/fx8_stoker_dmg_weak_point
65853b97147a1e5,water/fx_water_drip_straight_sm_os_impact
6599cc2c5fa27c3,impacts/fx8_bul_impact_metal_uw_lg
659e9e5a9e2b89c,killstreaks/fx_mship_turret_damage_1
65c695d8da1ca16,zombie/fx8_perk_altar_symbol_ambient_slider
66291e9551b093f,maps/zm_mansion/fx8_silver_hit_werewolf
6653005caa2db53,impacts/fx8_bul_impact_fireworks_runner_nonfatal_uw
6658f2af7cd93c9,electric/fx_sparks_burst_dir_md_z270_orange_os
665ca201056d458,impacts/fx8_bul_impact_concrete_xtreme
668cfe8153707c2,vehicle/fx8_treadfx_sand_skid_emit
66903d1957005a4,weapon/fx_muz_md_rifle_1p
66aa509d81da1a9,blood/fx8_blood_decal_pool_ground_sm_ch
66b90d08b7b9077,zombie/fx8_perk_altar_symbol_ambient_death_perception
66d0fa37ea6b1cd,zombie/fx8_perk_blaze_phase_charged_stretch
66da3968e1611fe,impacts/fx8_bul_impact_dirt_base_xlg
66fefd195760256,weapon/fx_muz_md_rifle_3p
671a54b6da57b18,maps/zm_orange/fx8_samantha_ground_portal_close
67dc36d1f25b017,zm_weapons/fx8_music_box_zombie_flame_trail
67e3cbb751a4c00,ui/fx_koth_marker_green
68458ad2d3792f9,water/fx_fuel_splash_sm_ven
68595ecc1b3a341,impacts/fx8_bul_impact_robot_base
68642e9ef8ab913,maps/zm_escape/fx8_alcatraz_brut_gas_trail
686def5b4c85661,zombie/fx8_fire_torso_zmb
687845733cd5691,impacts/fx8_bul_impact_blood_base
68a68f1311f7ae8,killstreaks/fx_dart_death_exp
68d6fec13f7c202,explosions/fx_exp_dest_barrel_lg
691f79bfc16f0bf,smoke/fx_smk_explode_md
69223901e1c6ac6,maps/zm_orange/fx8_samantha_ground_portal_blast
697584479410eb6,impacts/fx8_bul_impact_raven_runner_fatal_exit
698d84a3ee37135,light/fx_light_veh_wasp
69dbf9dc9b687e4,weapon/fx_prox_grenade_impact_player_spwner
69e23f93ed2a73b,impacts/fx8_bul_impact_dirt_uw_xlg
69f44d75a13dab5,_t6/misc/fx_equip_tac_insert_light_grn
69f8d1e3151a677,zombie/fx8_pap_idle
69fd983e18b51f3,impacts/fx8_bul_impact_raven_runner_nonfatal_uw
6a27bb5d5ebeaae,zm_weapons/fx8_www_drag_enemy_ember_waist
6a2aa4885bd54e4,weapon/fx8_hero_sig_disrupt_sensor
6a36b718ab9858d,zm_ai/fx8_zombie_tiger_eye_glow_red
6a4404a7bd3c133,zm_ai/fx8_blightfather_transform_impact
6a5231982bc2dd0,zombie/fx8_perk_vic_tort_exp
6a7ca3e3a8f4e34,zombie/fx_bmode_trail_os_3p_zod_zmb
6aa3b36da923703,maps/zm_towers/fx8_boss_attack_slam_trail_lg_os
6ad9a124c1d1cab,impacts/fx8_bul_impact_raven_limb_fatal
6ae2f90fb24a704,electric/fx8_elec_sparks_burst_xsm_omni_orange_os_quick
6b33baf95369c87,impacts/fx8_bul_impact_soul_body_fatal_exit
6b3d3da23edda1e,zm_ai/fx8_cata_water_aura
6b64b63ec916fb0,maps/zm_escape/fx8_portal_loop_blue
6b672f2c1c8a570,zm_ai/fx8_cata_elec_elbow
6b67b202486f081,/destruct/fx_dest_gauze_roll_bloody
6bc21547faa8f73,player/fx8_plyr_emote_homunc_spawn
6bda34b4243d4f4,vehicle/fx8_replacer_car_spawn
6c15673753dda41,zombie/fx8_perk_altar_symbol_ambient_blaze_phase
6c2fdf93ef182e6,impacts/fx8_bul_impact_dirt_uw_xsm
6c34b9c914d89a7,maps/zm_red/fx8_soul_green
6c355d2e51adf7a,light/fx_light_robot_set_base_blink
6c7c5efbeb7e3ae,maps/zm_red/fx8_soul_yellow_c
6c7f59b0752c063,zm_ai/fx8_cata_elec_blast_c
6cc802f9bbe61ad,killstreaks/fx_rcxd_lights_solid
6cec8e019370c82,water/fx8_water_drip_line_lit
6d0dc927aee6793,zm_weapons/fx8_magmagat_explosion
6d10fd6ad6fc1cd,wz/fx8_zombie_eye_glow_blue_wz
6d1bcc06eec9b0e,/destruct/fx_dest_server_rack_stackable_upper_01
6d1d55dddf812bd,light/fx_light_robot_set_base_lg
6d29df9cf6c0651,weapon/fx8_impact_secretsanta
6d8c75ffdf65fe0,maps/zm_orange/fx8_snowpile_swap
6da9084066d42bc,zombie/fx8_perk_phd_exp
6db743db6441557,maps/zm_white/fx8_toxic_gas_wide
6dbf5572b655f0e,weapon/fx8_hero_sig_radiation_phase1_foe_v4
6e0a1d533ac0edd,impacts/fx8_bul_impact_soul_head_nonfatal
6e224e5ade92fa0,explosions/fx8_exp_grenade_semtex_concrete
6e26c41d8fd87c4,weapon/fx8_muz_lg_gas_flash_3p
6e5e7af31202937,weapon/fx8_trail_rpg
6e64b9fd1c2f670,weapon/fx_betty_launch_dust
6e64fabf583208c,weapon/fx8_hero_flamethrower_tip_3p
6e87f89740f4b2c,explosions/fx8_exp_rocket_mud
6e95841d9038476,weapon/fx8_muz_lg_gas_flash_1p
6ea279e1c298997,_t6/impacts/fx_deathfx_dogbite
6ec99f8d8b9f924,maps/zm_mansion/fx8_silver_hit_zombie
6ed5babf589539e,weapon/fx8_hero_flamethrower_tip_1p
6eeb2a7dd0a0991,weapon/fx8_muz_md_gas_1p
6ef5fefeb29c436,zm_weapons/fx8_tomahawk_impact_ug
6f59ea7dd100643,weapon/fx8_muz_md_gas_3p
6f74a86c8eba94e,dirt/fx_dust_fall_sm_os_lit
6fc8e3bf5cd52c9,weapon/fx_muz_sm_gas_flash_1p
6ff30d6640cc73d,dirt/fx8_dust_motes_100x100_light
7006fe141247698,ui/fx_dom_cap_indicator_team_r90
702889049f077f7,dirt/fx8_sand_blowing_lg_vista
7039a3bf5d385db,weapon/fx_muz_sm_gas_flash_3p
703cc88bf6acf5f,killstreaks/fx_vtol_lights_red
7042fed77a21fdb,fire/fx8_ground_line_lg
70444b2ad1553ad,fire/fx8_spot_md_int
7081eed77a5ebcf,fire/fx8_ground_line_md
708b124760c085a,zm_ai/fx8_werewolf_dmg_weakspot
708e3f3ea135109,ui/fx_ctf_flag_base_team_red
70a8f7d23d409fc,maps/zm_escape/fx8_wolf_soul_charge_impact
70b4fc15bf9f694,killstreaks/fx8_atkchpr_chaff
70b97ecdc1fe83a,impacts/fx8_hero_impact_grvity_spk_underwater
7104362a9b68d36,vehicle/fx8_treadfx_snow_skid_child
7121b760347902b,zm_weapons/fx8_www_shrink_enemy_death
712684a7bec5f59,zombie/fx8_perk_altar_symbol_ambient_bandolier
713689cc55f5eca,explosions/fx8_exp_grenade_mini_glass
71962985bf3f4dd,maps/mp_casino/fx8_smk_ceiling_fill
71b3c5a913a200e,/destruct/fx_dest_medical_rolling_iv_drip
71c2ac454e42597,impacts/fx_bul_impact_heavy_body_fatal_exit
71dc4229f0def60,zm_ai/fx8_nova_crawler_elec_aura
71e73123ec253bd,ui/fx8_ctf_flag_base_team
71f175f88ef5896,vehicle/fx_treadfx_asphalt_peel
72086fb1140db4d,killstreaks/fx8_agr_explosion_no_dmg
72718b4e727006d,destruct/fx_debris_ground_fire_imp_runner
72720f269204151,weapon/fx_incend_grenade_exp
728598f96f52361,explosions/fx8_exp_rocket_metal
72a09ed77c2ae86,fire/fx8_ground_line_sm
72b66ddf97f08cc,weapon/fx8_amulet_impact_ch
72edbddd4254fb0,/destruct/fx_dest_gauze_pad_sealed
72f53865aa0e0ba,impacts/fx8_bul_impact_default_lg
7310dc06c46ad59,zombie/fx_raygun_view_zmb
731eb9bfc953930,zm_ai/fx8_avo_elec_charge
735823602c9b3ea,zombie/fx_widows_muz_world_md_zmb
735ddfee8dfedc7,explosions/fx_exp_grenade_default
737905e546b7cf6,maps/zm_escape/fx8_portal_loop_orange
737bb33e63d0803,zombie/fx_widows_web_geotrail_zmb
738a655f4ba97f0,zombie/fx8_power_door_death
738d798da672459,fire/fx8_brazier_sm_int
73ab165c383d9d0,vehicle/fx8_treadfx_grass_tread_child
73b7a3cd990580e,electric/fx8_sparks_burst_dir_sm_z135_orange_os
73d13fee763fd5d,maps/zm_white/fx8_power_wisp_lg
742656099567e1e,weapon/fx8_equip_swat_smk_signal
746d3ed17a66f57,impacts/fx8_grapple_release_concrete
7498408e9930fd7,zm_weapons/fx8_www_drag_portal_orb_trail_loop
749aa8b4c8f4171,weather/fx_rain_system_drop_impact_sm
74a6ea5931e1a4f,impacts/fx_bul_impact_blood_head_fatal_exit_uw
74a9f6cf9f9420e,zm_weapons/fx8_www_impact
74cf9585f505484,ui/fx_koth_marker_neutral
74f098c4069db6d,zombie/fx_bgb_profit_3p
754403c27fec5d5,fog/fx8_fog_mist_ground_slow
7547857f3a3bfbb,destruct/fx_vdest_car_engine_smk
75505bf60101ef5,ui/fx8_infil_marker_shoutcaster_axis_window
755f58c406fd81f,zombie/fx_bgb_profit_1p
758977a2a814d24,weapon/fx8_hero_bow_lnchr_exp_bot_trail_emitter
75c4836a6886b7e,dirt/fx8_dust_fall_sm_local_os
760112479afe6e2,zm_ai/fx8_zombie_eye_glow_yellow
7604ee16fb27e93,impacts/fx8_bul_impact_metal_xsm
764f45b5b73f1f7,impacts/fx8_bul_impact_water_sm_decal
76960cd5ba0a75b,vehicle/fx8_vdest_heli_fuselage_destroyed
76c55785b205f4e,maps/zm_red/fx8_reward_brazier_fire_green
76cad6dd21794d8,zm_weapons/fx8_raygun2_ug_impact
76d05725a4ffab9,maps/zm_red/fx8_soul_white
76ef3a54ceaf616,zm_weapons/fx8_tomahawk_impact_fire
770582f511d9fa4,zombie/fx_tesla_electric_bolt_zmb
772b94434b7d921,weapon/fx8_muz_lg_shtgun_1p
773864f0441e81c,wz/fx8_plyr_numbers
774d931e506ac94,destruct/fx_dest_sprinkler
7759c5fdd88c512,impacts/fx_bul_impact_heavy_body_fatal
7760a1c22e77df2,ui/fx_dom_marker_neutral_r120
779a54434bdd5d3,weapon/fx8_muz_lg_shtgun_3p
780cd8d8d7761bf,vehicle/fx8_treadfx_dirt_tread_child
78305dc2c5de1b1,impacts/fx_bul_impact_blood_body_fatal_zmb
78449865ae90fbb,impacts/fx8_bul_impact_default_sm
7887e34afd2c059,weapon/fx_muz_md_smk_1p
78894c95ed7b4b6,zm_ai/fx8_cata_elec_footstep_os
78d1dcbef461b77,killstreaks/fx_emp_exp_death
78e9f7cad3981e0,killstreaks/fx_heli_smk_trail_tail
78f8a34afd8f36b,weapon/fx_muz_md_smk_3p
790c5cf6038818b,/destruct/fx_dest_gauze_pad_bloody
791011e918500d4,impacts/fx8_bul_impact_raven_corpse_nonfatal
793c4c65b08e6ed,maps/zm_office/fx8_teleporter_cooldown
794548dd4d279cc,ui/fx_koth_marker_orng_window
7970ecf7061296c,animals/fx8_bio_moth_light_source
7988e5805c71345,zm_weapons/fx8_ww_tundragun_impact_zombie
79bace9405686b6,zombie/fx_tesla_tube_view2_ug_zmb
79be5ae66fcfc44,impacts/fx8_hero_impact_grvity_spk_concrete
7a2bf4fa5ebcbce,dirt/fx8_dust_motes_200x200
7a2f83e532e9c81,zm_weapons/fx8_www_reload
7a4679378e51bf7,dirt/fx8_dust_ground_rattle
7a53e617158e419,animals/fx8_bio_moth_light_source_sm
7a6b21cc52ea4e2,water/fx8_drip_single
7a6e18ef4c744d0,impacts/fx8_bul_impact_soul_limb_nonfatal_uw
7a8557478c110ce,impacts/fx8_bul_impact_gravel_lg
7ab4b7478c335a7,impacts/fx8_bul_impact_gravel_sm
7ab575ac25a35e0,zombie/fx8_magicbox_closed
7abeeb3e26ad6ff,impacts/fx8_flechette_impact_base
7ae3c34b5b4f5d9,maps/zm_escape/fx8_portal_loop_white
7ae48e16ff495b2,impacts/fx8_bul_impact_metal_xlg
7b11ac110f88641,player/fx_plyr_tablet_activation
7b3045dab74db81,impacts/fx_bul_impact_snow_sm
7b3d809d3e1669c,weapon/fx8_muz_sm_gas_3p
7b5e47e21d172f7,impacts/fx8_bul_impact_wood_uw_xxlg
7b8399afa460f64,zombie/fx_weapon_box_closed_glow_zmb
7b995b902df3cd9,zm_weapons/fx8_tomahawk_trail
7b9e409d3e5e6ae,weapon/fx8_muz_sm_gas_1p
7bb97645fa8148b,maps/zm_red/fx8_soul_charge_orange
7bc0612d00f1dbe,impacts/fx8_bul_impact_water_xtreme
7c0002237d9acce,impacts/fx8_bul_impact_soul_head_nonfatal_exit
7c4ec36b37ede58,vehicle/fx8_treadfx_default_tread_emit
7c7e30badd805c4,zombie/fx_perk_sleight_of_hand_zmb
7cb6c7cdb28aff0,fog/fx8_ground_drift_lg
7cd8a2fdae5a80d,ui/fx_koth_marker_yellow
7ce4b2b1902bb0f,dirt/fx8_dust_blowing_ground_slow
7cfcebfb42167b3,weapon/fx8_hero_sig_lightning_death_hands_lft
7d4320d3725d0c8,zombie/fx_bgb_bubble_blow_zmb
7d803b7880c87f9,zm_ai/fx8_avo_elec_teleport_appear
7d815b0e35e83e7,ui/fx8_fracture_drop_marker_shamrock
7dd0cedea99be51,player/fx8_plyr_emote_homunc_end
7e25c2fc3671f0b,maps/mp_jungle2/fx8_smk_vista_lg
7e6518b91fa9e98,vehicle/fx8_headlight_arav
7e7e89e1dd87ebb,maps/zm_office/fx8_elec_trap_light_green
7ebb75c51d6495d,dirt/fx8_dust_linger_100x100_int
7efa7f8d5969d8b,explosions/fx8_exp_rocket_lg_concrete
7f0be0115114c61,zm_ai/fx8_zombie_eye_glow_red
7f12a8850a85b23,killstreaks/fx_sentinel_disabled_water_1p
7f6afb186ed010c,electric/fx_sparks_burst_line_sm_blue_random
7f70f0edff008aa,weapon/fx8_equip_seeker_idle
7f7562b96c53203,zombie/fx8_perk_altar_symbol_ambient_secret_sauce
7f81c0d83693060,weapon/fx8_muz_smg_fast_1p
7fa3a55891f3666,explosions/fx8_exp_rocket_lg_mud
7fb6d14d5e8dad6,animals/fx8_bio_fly_dark_100x100_winter
7fc0a39b7c3af7c,impacts/fx8_bul_impact_glass_uw_lg
7ff280d836f6372,weapon/fx8_muz_smg_fast_3p
800b9a24c2a4719,fire/fx_fire_ai_human_torso_loop
803981b283b48e8,snow/fx8_icicle_fall_rattle
8052dd13922a741,destruct/fx_dest_robot_dmg_trail_smk_spawner
806ffe72a110b7a,zombie/fx_widows_muz_world_lg_zmb
80944cd9b786eff,impacts/fx_bul_impact_hero_minigun_core
8099ab1b258e0ba,blood/fx8_blood_gib_spray
80af2e2fbd10295,zm_weapons/fx8_cymbal_monkey_light
80b04db9cd1ee12,weapon/fx8_equip_seeker_active
80b5ae1092aacea,vehicle/fx8_vdest_mil_tank_turret_destroyed
80edce8b04c83ee,explosions/fx_exp_grenade_surface_dirt_child
81007e7c93f4bd4,_t6/misc/fx_equip_tac_insert_exp
810181238b20a3c,electric/fx_elec_bolt_rail_anim_zmb_zod
8106a2c86a4b5f5,killstreaks/fx8_cuav_exp
8161bf6f2cc1062,blood/fx_blood_gib_limb_trail
8161c7927427529,vehicle/fx8_treadfx_mud_skid_child
818e0224b9df3d5,impacts/fx8_bul_impact_raven_head_fatal
81a8c24d61deacb,impacts/fx8_bul_impact_fireworks_limb_fatal
81a961f4192d4f2,weapon/fx8_hero_sig_lightning_death_burst
81b2b47d9fb71c9,zm_weapons/fx8_tomahawk_impact
82014b524ef1859,impacts/fx8_flechette_impact_metal
820f95e6a0a53e3,vehicle/fx8_exhaust_sidecar
821783e1bd0c2ad,impacts/fx8_flechette_impact_snow
82419efd8a55584,explosions/fx_vexp_raps_death
8245bd8a93f4d38,smoke/fx_smk_dmg_trail_puff_white_sm_emitted_os
826097777b40eff,impacts/fx8_bul_impact_money_headshot_fatal
82d55804b58cfcb,zm_weapons/fx8_spectral_shield_light_3p
82ed69112feeef5,weapon/fx_trail_rocket_emp
8302d5cf8304ece,maps/zm_escape/fx8_ghoul_riot
832a0ef5af0040d,zm_ai/fx8_cata_water_death
833ed31b97968fe,weapon/fx8_trail_rocket_xm
834c154c3d6e988,impacts/fx_bul_impact_metal_uw_xsm
83bc9acefc472fc,player/fx_plyr_footstep_tracker_r_wz
83e35c3cf1ae7dd,impacts/fx8_hero_impact_grvity_spk_water_deep
83ea02ffaa7d1fc,impacts/fx_clone_impact
83fa74b40b14b85,fire/fx_fire_ai_robot_head_os
84044db78f9b572,maps/zm_towers/fx8_boss_attack_slam_trail_end
8415d2eb0d4074b,zm_ai/fx8_cata_plasma_aura
84197e4551fe798,_t6/bio/player/fx_player_arm_dust_slide_rk
84227ac5b4075d2,weapon/fx8_shellejects_pistol_resting
844b7026fd0f451,maps/zm_escape/fx8_walnut_teleport
845511cbbf39289,explosions/fx8_exp_grenade_semtex_sand
8462e7d46a0e9f0,zombie/fx8_perk_altar_symbol_ambient_staminup
84654a9ee535459,impacts/fx_bul_impact_concrete_sm
847077627974c80,impacts/fx8_bul_impact_blood_limb_zm
84cd1f227fcd07e,weapon/fx8_hero_annhilatr_death_exp
84d78686a733b7f,ui/fx8_theater_camera_head_glow_red
8527a0c86c114ad,maps/mp_slums2/fx8_dust_motes_western
8556c99991b72e5,dirt/fx8_sand_ground_rattle
857bf41d47ef138,impacts/fx_bul_impact_blood_body_fatal_uw
85b628884ce721c,weapon/fx_incend_grenade_impact_c2
85b658884ce7735,weapon/fx_incend_grenade_impact_c1
85cdaabe8b1c840,zm_ai/fx8_stoker_amb_shovel
85f1439b8183dd5,impacts/fx8_bul_impact_glass_uw_sm
8614e9b589b3f95,weapon/fx8_muz_ar_galil_3p
86168498421b2d9,/destruct/fx_dest_light_emergency_a
86350de2c8119f7,zombie/fx8_perk_blaze_phase_trail_emit
863ba285125131e,destruct/fx_dest_robot_head_sparks
865f57f450c5951,impacts/fx_knife_impact_assassination_back
8685a9b58a172a7,weapon/fx8_muz_ar_galil_1p
86861bdafdca6bb,player/fx_plyr_jump_dust_dirt
86acf8cd80eba8b,explosions/fx8_exp_rocket_lg_snow
86b1cef19ef0e39,zombie/fx_powerup_on_green_zmb
86cb3e5e0892136,destruct/fx_vdest_car_exp
86d809ef62a3cf8,ui/fx_dom_marker_neutral_r90
86e034ba17254bc,wz/fx8_death_circle_child
87120262e090a58,electric/fx8_sparks_burst_dir_sm_z270_orange_os
87232422fb9d690,destruct/fx_dest_box_copy_paper_ream
8737e094e216990,destruct/fx_dest_robot_body_sparks
87465065eda520a,zombie/fx_idgun_vortex_ug_zod_zmb
874da1811913516,_t6/bio/player/fx_footstep_dust
877425b23fd5e40,ui/fx_koth_marker_red
87863cb3f012833,maps/zm_red/fx8_reward_brazier_fire_blue
87bb4081f3998bd,destruct/fx_exp_tendril_emit
87ca03b9d73ca5c,explosions/fx8_exp_bomb_surface_metal_child
87cc35a2d6637c2,impacts/fx8_bul_impact_fireworks_runner_fatal_uw
87d28b935d29b2c,impacts/fx8_bul_impact_fireworks_limb_fatal_exit
88397143b5ad347,dirt/fx8_dust_fall_md_os_wz
8862d9565589bb9,killstreaks/fx8_dart_lights
8867a262ec030fd,ui/fx8_ui_ct_marker_team_b90_yllw
889a5e4668fe480,ui/fx8_fracture_deposit_point_ire
88d1d3c7a01e1e4,zm_ai/fx8_destroyer_axe_trail
88d731469c94edf,weapon/fx_trail_hatchet
88e0b113df5ef6c,smoke/fx_smk_barrel_thin_windy
88e2d89a4587e1d,dirt/fx8_dust_fall_lg_os
88f36f3ae067065,weapon/fx8_hero_sig_shockrifle_spike_exp
8926b1c92d97fb8,ui/fx8_infil_marker_shoutcaster_allies_window
893cb61615b7ee3,impacts/fx_bul_impact_gravel_uw_lg
894b23015ff2626,maps/zm_escape/fx8_glow_eye_blue
894b330637c4f9a,vehicle/fx8_treadfx_grass_skid_emit
895699b291a8129,zm_ai/fx8_bat_transform_impact_flash
895d07f655197c1,player/fx_plyr_flying_tracker_rf
899a042c417a5a0,impacts/fx8_bul_impact_fireworks_limb_nonfatal
89ca07f655764df,player/fx_plyr_flying_tracker_lf
89d0bc9c10726fb,zm_weapons/fx8_tomahawk_pickup
89e81a7a0ff0c96,ui/fx8_fracture_deposit_point_end_ire
89fd735652e6ce1,vehicle/fx8_exhaust_truck_cargo_startup_os
8a29d0b79448d33,maps/zm_office/fx8_teleporter_ready
8a46bbe91ae7b30,weapon/fx_muz_sm_pistol_3p
8a8d16afa3c1a70,lensflares/fx8_lf_fire_grime
8ab77be91b4ae42,weapon/fx_muz_sm_pistol_1p
8ad631cfb8fdb28,explosions/fx8_exp_grenade_semtex_snow
8b079bb5ec85baf,animals/fx8_bio_birds_flock
8b1f14dbee3c606,smoke/fx_smk_ai_human_arm_left_os
8b1f975a0ce5244,dirt/fx8_dust_fall_object_sm_impact
8b5fa5540f93bf3,explosions/fx8_exp_grenade_mini_dirt
8b69f8e34b439bb,vehicle/fx8_treadfx_snow_skid_emit
8b6de50f165d289,explosions/fx8_exp_grenade_semtex_glass
8b71694a9eb85b5,maps/zm_escape/fx8_lighthouse_explosion_xsm
8b916b11cee309e,explosions/fx8_exp_rocket_glass
8b9a9e65acb4d8d,tools/fx_null
8bafa1ee1b2597b,zombie/fx_parasite_acid_spit_tell_zmb
8bc6bfb468e7c6c,fire/fx_fire_ai_human_hip_right_loop
8bc8eb81aa01214,fire/fx8_spot_xsm_int
8bcf9bd8fc5a6d4,zombie/fx_bgb_near_death_1p
8bd341953b58325,explosions/fx8_exp_rocket_snow
8be4c0edf0119d2,impacts/fx8_bul_impact_wz_dirt_base_xlg
8c03a568bff9252,weapon/fx8_shellejects_shotgun
8c2d7d24c0d61a7,dlc1/castle/fx_castle_electric_cherry_trail
8c3582044a657b4,maps/zm_escape/fx8_ghoul_trail
8c3e5bd8fcba386,zombie/fx_bgb_near_death_3p
8c76c4071b2a24b,zm_weapons/fx8_aat_brain_decay_head
8c8f5bc31fb2302,dirt/fx8_ground_blowing_lg
8cc44d7128eefe7,weapon/fx8_equip_seeker_exp
8cd6558c7d0e007,zombie/fx8_magicbox_opened_lid
8ce52d934b0c670,zm_ai/fx8_stoker_dest_weak_point_exp_generic
8d07efddce63215,zombie/fx_weapon_box_marker_fl_zmb
8d11f0284e16500,impacts/fx8_bul_impact_raven_limb_nonfatal
8d195d1aa3ea977,impacts/fx8_bul_impact_raven_head_nonfatal_exit
8d202d085cbd32e,killstreaks/fx_sentinel_smoke
8d4f4998984eb48,weapon/fx8_equip_supplypod_canister_launch
8db03a2a810bafb,zm_ai/fx8_cata_cor_aura
8dfa9631f17ef08,impacts/fx8_bul_impact_default_xtreme
8e3c2c9515d1037,impacts/fx8_bul_impact_wood_uw_lg
8e51f030a8e99c2,killstreaks/fx8_tankrobot_previs_invalid
8e5c81e8bd65c35,vehicle/fx8_treadfx_sand_skid_child
8e701cfe787f66f,impacts/fx8_flechette_impact_metal_base
8ea72078996085b,fire/fx8_ground_line_xxlg
8ebd34045dc2800,zm_ai/fx8_nova_crawler_elec_projectile
8edbcc951655a8a,impacts/fx8_bul_impact_wood_uw_sm
8f02617f4f71d8a,zm_ai/fx8_dog_head_glow
8f2152e9432a4d9,blood/fx_blood_sword_trail_emitter_zod_zmb
8f27b1c327d01ec,impacts/fx8_bul_impact_wz_metal_base
8f456b85940110c,water/fx8_waterfall_base_foam
8f62d381ff02e68,vehicle/fx8_treadfx_sand_tread_child
8f8d0a431403706,killstreaks/fx8_agr_rocket_trail
8f9f625a9aae35e,impacts/fx8_bul_impact_money_corpse_nonfatal
8fb7ab0053e0d18,maps/mp_firingrange2/fx8_water_shower_sm
8fde0a61a27d4aa,killstreaks/fx_heli_chaff_trail
900b40a2e769544,weapon/fx_lightninggun_impact_player_spwner
900ec48b2f264fe,zombie/fx8_perk_zombshell_exp
902a5f9c6e91899,_t6/bio/player/fx_footstep_water
90601c442398dc1,impacts/fx_bul_impact_dirt_uw_lg
906fa09b7b5cb98,electric/fx_elec_sparks_directional_sm_os_orange
90720eac3933bd2,killstreaks/fx8_agr_drop_box
907402036f045a6,electric/fx_elec_sparks_burst_sm_orange_os
90808e1ff32f322,zm_weapons/fx8_viper_bite_death
908ca7c4edd7723,maps/zm_white/fx8_toxic_gas_venting_fan
9099e5a4d4881c3,weapon/fx8_equip_seeker_prong_vm_active
909f7d24e4e84e3,zm_weapons/fx8_tomahawk_charge
90be0c0cecdb365,dirt/fx_dust_fall_md_os_lit
90c4f00344e25ae,weapon/fx_trophy_flash
90dfc47e73c52a7,weapon/fx_hero_annhilatr_impact_entity_robot_exp
90e49ac20fe75af,vehicle/fx_treadfx_asphalt_skid_emit
90e89c708f4bb60,maps/zm_towers/fx8_boss_attack_slam_trail
9111798a0716d91,fire/fx8_brazier_xsm
91255acc865a9fc,killstreaks/fx_vtol_exp_smoke_trail
9184d8d849c803b,vehicle/fx8_treadfx_concrete_skid_emit
91ac1c8cc05c675,impacts/fx8_bul_impact_fireworks_head_fatal
91c96722cf04e25,impacts/fx8_bul_impact_soul_head_fatal_exit
91ecd1313dd2dc8,electric/fx_elec_sparks_directional_sm_os_y_orange
9207c9d697f9e30,maps/zm_red/fx8_reward_brazier_fire_white
9232beb920daab6,maps/zm_escape/fx8_portal_lightning_blue
92665b1a78d5f6e,impacts/fx8_bul_impact_robot_body_nonfatal
9272c24309abc33,weapon/fx8_equip_seeker_light_os
92b299282f3f0c0,zombie/fx_bmode_shock_os_zod_zmb
92bfa5adbff2599,dirt/fx8_dust_fall_rattle
92cf3cf8154e256,maps/zm_escape/fx8_wolf_soul_charge_start
92de7d953515e3c,weapon/fx8_muz_flare_smk_3p
92fb05f9231f5bc,impacts/fx_bul_impact_blood_head_nonfatal_zmb
92fdf6ebf6cb75a,impacts/fx8_bul_impact_soul_limb_fatal
93002a7f8d0cfde,weapon/fx_shellejects_rifle
9338f293b405c75,maps/zm_towers/fx8_crowd_reward_flower_trail
934d3a322ddf1e1,zombie/fx8_doorbuy_emit
934f3d95357914e,weapon/fx8_muz_flare_smk_1p
93e2eb4c3684fe3,maps/zm_white/fx8_power_wisp
941c54e18fc7811,explosions/fx8_exp_grenade_metal
9455dfeef0311c2,weapon/fx8_equip_tripwire_exp
946ead07772cbbb,_t6/misc/fx_zmb_phdflopper_exp
9474909885dfec5,impacts/fx8_bul_impact_default_uw_xxlg
94769632e1cf809,zombie/fx_tesla_shock_zmb
94881a9c15f323f,killstreaks/fx_ed_lights_red
9497f5aefd07401,maps/zm_towers/fx8_challenge_head_blood_drips
94cf26182e35057,impacts/fx8_bul_impact_fireworks_head_nonfatal_exit
94cf3c13d7c08b4,killstreaks/fx_heli_exp_md
94dcd6ca3aa9449,zombie/fx_powerup_nuke_zmb
94fd6c13d7e0d44,killstreaks/fx_heli_exp_lg
951e6067ac258b8,zombie/fx_ritual_barrier_defend_door_wide_zod_zmb
95227ff6ca97cca,zm_ai/fx8_blightfather_weakspot_back_amb_uw
952c35a6e0465e6,killstreaks/fx_sc_lights_red
9539019e08de423,zombie/fx_perk_quick_revive_zmb
9546e8372c5be81,zombie/fx_sword_slash_right_1p_zod_zmb
954e0e694a1f8c6,impacts/fx8_bul_impact_blood_corpse_nonfatal
9552c99c91d8b0f,vehicle/fx8_vdest_heli_tail_destroyed
955bf423dfce011,impacts/fx8_bul_impact_thin_metal_xsm
95d7347ff42f2c1,zombie/fx_bul_flesh_head_fatal_zmb
9607429dd7cb97d,vehicle/fx8_treadfx_grass_tread_emit
961e7e72da348d5,dirt/fx8_dust_fall_object_sm
9625196a970f3f2,zombie/fx8_perk_altar_symbol_ambient_victorious_tortoise
963db5177a380ce,destruct/fx8_dest_prop_sm
9647142145df07d,player/fx8_plyr_shocked_3p
964b840761ba8b7,weapon/fx8_shellejects_shotgun_resting
965ec9e0938553f,zm_weapons/fx8_cymbal_monkey_lightning
966fb2c4d845700,explosions/fx_exp_underwater_md
96a6ddb38151b75,explosions/fx8_exp_rocket_default_wz
96b1e2c4d887b50,explosions/fx_exp_underwater_lg
96b43371aec297c,weapon/fx8_muz_lg_mg_3p
96bb05c92e06689,player/fx8_plyr_spawn_distortion
96d0d98a0bfbb40,fire/fx8_brazier_xlg
96e87d4077d9fe8,dirt/fx8_dust_fall_xlg
971827d1bcd204d,_t6/env/electrical/fx_elec_wire_spark_burst
9724f371af25c8e,weapon/fx8_muz_lg_mg_1p
974d15177b1e303,destruct/fx8_dest_prop_lg
976d38995f82261,impacts/fx_bul_impact_boss_head_nonfatal
9777c9a41713b44,weapon/fx_prox_grenade_scan_blue
977c05177b3fbf7,destruct/fx8_dest_prop_md
97a7fc263e8b63c,light/fx_light_red_spike_charge_os
97bcbd01d5264cc,explosions/fx_vexp_amws_death
97bd0c13da33dfd,killstreaks/fx_heli_exp_sm
97d45e7d1977763,impacts/fx8_bul_impact_wz_gravel_sm
97e99f20788efda,electric/fx_elec_sparks_burst_xsm_omni_orange_os
97f5b94974ff987,explosions/fx_exp_robot_stage3_evb
9805facdc7cb75b,zombie/fx_perk_widows_wine_zmb
9813ecda8f91ab8,_t6/impacts/fx_flesh_hit_knife_noblood
981eb245ea536fc,ui/fx8_infil_marker_contested
982304cd6e4a8da,maps/zm_escape/fx8_pwr_up_blood
9829d0e02072dda,vehicle/fx8_treadfx_water_skid_child
9842657e19be0f5,ui/fx_koth_marker_green_window
98506044cca6766,vehicle/fx8_treadfx_mud_skid_emit
987ba50c6d2d581,destruct/fx_debris_ground_fire_imp_os
9899e0384daccd6,weapon/fx_hero_grvity_spk_grnd_hit_1p
98bbd6c21ff18eb,weapon/fx_betty_exp_destroyed
98c2249785cea75,killstreaks/fx_heli_chaff
98d37bb70385398,killstreaks/fx_uav_lights
98fa0110188b64c,impacts/fx8_bul_impact_metal_xxlg
993ad28e55acd70,ui/fx8_theater_camera_head_glow_yellow
996d74a726b14f0,zm_ai/fx8_blightfather_transform_husk
99765a67fda4492,fire/fx_ability_fire_immolation_body_amws
998e2ddc867d685,destruct/fx_vdest_car_engine_oil_impact
99a7060bef970fa,zm_weapons/fx8_www_drag_ash_trail
99dcb9de8486e97,destruct/fx8_atk_chppr_exp
99e6e3402fffc81,zombie/fx_spawn_body_cp_zmb
99f89b4beaf321a,impacts/fx_bul_impact_concrete_uw_sm
99fcf70b0cf6ca5,maps/zm_escape/fx8_pap_arrival
9a0710274b585f0,impacts/fx8_bul_impact_robot_head_fatal_exit
9a221c841690dcf,zm_weapons/fx8_raygun_impact_zmb
9a2a2ecd7c87575,zm_ai/fx8_nova_crawler_elec_teleport_flash
9a3306432e494f3,zombie/fx_raygun_geotrail_zmb
9a3523dca5d85fd,impacts/fx_bul_impact_blood_head_fatal
9a532ca00938e4a,blood/fx8_blood_decal_impact_ground_reaper
9a9a2aac0cad385,player/fx8_plyr_pstfx_paralyze_screen
9ab7abec5682cc9,weapon/fx_sensor_scan_enemy_runner
9abfcf28bc803c4,water/fx8_water_surface_dir_rattle
9ad823d0467d07c,zombie/fx_bgb_burned_out_3p_zmb
9ae6e2150d40edd,explosions/fx8_exp_rocket_lg_default
9b1b5423e4b2dc0,impacts/fx8_bul_impact_thin_metal_xlg
9b25de05718b20c,zm_ai/fx8_dog_belly_glow
9b2af71c178ed37,zombie/fx_tesla_rail_view_zmb
9b2c066755f3d5d,electric/fx_ability_elec_surge_short_raps
9b5bab2fa9bbf5d,weapon/fx8_muz_lg_rifle_3p_4sqr_mb
9b7fb95125a540c,impacts/fx_bul_impact_pwr_armor_lg
9b8b68fefabf70e,maps/zm_escape/fx8_lighthouse_explosion_md
9b90a63cc8098c6,weapon/fx_lightninggun_arc
9bc0a4103fca48b,tools/fx8_color_grade_calibration_sm
9bca58fefafc302,maps/zm_escape/fx8_lighthouse_explosion_lg
9bcc9fb74657986,vehicle/fx8_treadfx_dirt_tread_front
9c5c4d287045c53,zm_weapons/fx8_viper_bite_launch
9c739d281da7a8d,explosions/fx8_exp_bomb_metal
9c9847890053b4e,zm_ai/fx8_elec_shock_os
9c98e37764b80e7,impacts/fx8_bul_impact_soul_limb_nonfatal
9ca1a8ed0ee9052,impacts/fx_bul_impact_glass_uw_lg
9cc10b2b2c1186b,explosions/fx8_exp_elec_killstreak
9cf5c957867faf5,impacts/fx_bul_impact_default_hero_minigun
9d52d83fb65a622,/destruct/fx_dest_medicine_bottle
9d62e4e4330c1f3,explosions/fx8_exp_bomb_default
9daab8fefc8cac3,maps/zm_escape/fx8_lighthouse_explosion_sm
9dae3619cb86be8,zombie/fx8_perk_altar_symbol_ambient_timeslip
9db7b4a11e7b7e6,electric/fx8_sparks_burst_dir_xsm_orange_os
9de41f37c2406ca,explosions/fx_exp_grenade_surface_wood_child
9e50a0139c5b96f,weapon/fx8_equip_smart_cover_plant
9e6f1ed93427834,fire/fx_fire_ai_robot_leg_right_loop
9ecc36c9f615f94,weapon/fx_hero_lightning_gun_muz_flsh_3p
9ed8b395ce0d321,maps/zm_escape/fx8_packasplat_crafting
9edb7989f85ab5f,impacts/fx8_bul_impact_wz_concrete_sm
9eeb9a08debc378,destruct/fx_dest_robot_dmg_dyn_piece_spark
9f069fe6dfd49a0,weapon/fx8_hero_sig_shockrifle_branch_impact
9f3a1c678829d7e,zombie/fx_trail_blood_soul_zmb
9f3af6c9f675c46,weapon/fx_hero_lightning_gun_muz_flsh_1p
9f7880ba2578c16,vehicle/fx8_treadfx_water_peel
9f90f9670407483,killstreaks/fx_drone_hunter_lights
a0027d350d9449e,zombie/fx8_perk_altar_symbol_ambient_quick_revive
a00abffc119e4e9,impacts/fx8_bul_impact_fireworks_body_nonfatal_exit
a010423e6fa7449,player/fx_plyr_water_knee_decal
a018fb4bf0206a7,impacts/fx_bul_impact_concrete_uw_lg
a0207d55db47f5a,smoke/fx_smk_ai_human_hip_right_os
a02d0d28d65ec0d,weapon/fx8_amulet_impact_bone
a038ff0114bed37,impacts/fx8_bul_impact_wz_mud_base
a053c4bf6760403,explosions/fx8_exp_grenade_smoke
a06156e97cba4f7,vehicle/fx_treadfx_snow_skid_emit
a0a02071874c1ce,light/fx8_light_fire_lg
a0aaa3398efd136,impacts/fx_bul_impact_water_lg
a0cf8071876e6a7,light/fx8_light_fire_sm
a0f290804d6a6f6,wz/fx8_zombie_eye_glow_green_wz
a0fde1cb9c02658,zm_weapons/fx8_raygun_world_zmb_emote
a10c85956cc47a5,weapon/fx8_hero_sig_disrupt_rcxd
a1263dbffaea239,killstreaks/fx_sg_distortion_cone_ash
a12f75ad5df914f,zm_ai/fx8_cata_water_death_underwater
a13f030e0e87128,explosions/fx_exp_grenade_surface_metal_child
a13fd7a6cce10f1,vehicle/fx8_treadfx_mud_tread_front
a16631713aec1c4,ui/fx8_ui_ct_marker_team_b180
a167f0cb383febe,explosions/fx8_exp_grenade_surface_dirt_child
a16db388fd8b451,zombie/fx_tesla_tube_view2_zmb
a1741d899e90e81,zm_ai/fx8_werewolf_breath
a19f2225b2f1bf6,electric/fx8_sparks_burst_dir_sm_orange_os
a1e7b0660a65460,killstreaks/fx_mship_tendril_emit
a1ea3abd800cb0f,zombie/fx_trail_tesla_balls_doa
a202dee3cc196c5,impacts/fx8_hero_impact_grvity_spk_sand
a2258603fd7408a,explosions/fx_exp_grenade_concussion
a2d478229b0c034,impacts/fx8_flechette_impact_mud
a305119bc50ca3d,fire/fx8_line_md
a30517b5b061223,killstreaks/fx_rcxd_lights_blinky
a30a59aca24c5bb,electric/fx_elec_sparks_dir_sm_os_y_blue
a30e180f6fb1728,maps/zm_escape/fx8_spinning_trap_sparks_loop
a34062551c5e378,weapon/fx8_hero_sig_disrupt_supplypod
a368506716c0010,debris/fx_debris_raps_shrapnel_01
a368706716c0376,debris/fx_debris_raps_shrapnel_03
a368806716c0529,debris/fx_debris_raps_shrapnel_02
a368906716c06dc,debris/fx_debris_raps_shrapnel_05
a368a06716c088f,debris/fx_debris_raps_shrapnel_04
a36faf9a68121d4,weapon/fx8_muz_smg_fastburst_3p
a37324c1988abb5,zombie/fx_val_chest_burst
a388a999a716b6d,weapon/fx8_muz_lg_spark_1p
a3be01713ceb268,ui/fx8_ui_ct_marker_team_b135
a3c1a7f243a7e86,_t6/maps/zombie/fx_zmb_tranzit_shield_explo
a3de6f9a6871e86,weapon/fx8_muz_smg_fastburst_1p
a3f76999a77681f,weapon/fx8_muz_lg_spark_3p
a4058e9edfd3edd,player/fx_plyr_flying_tracker_r
a405ae9edfd4243,player/fx_plyr_flying_tracker_l
a408a0a84bbbeec,zombie/fx_crafting_dust_zmb
a420c86668f5cda,zombie/fx8_power_door_amb
a4687d43b14a806,zombie/fx8_perk_winters_wail_exp
a46ebc323110b3d,maps/zm_red/fx8_reward_brazier_fire_purple
a49e499dc651b9e,maps/mp_jungle2/fx8_fire_impact_sm
a4a2a0476f106fb,impacts/fx8_bul_impact_lava_head_fatal
a4bbf525f6b4cce,vehicle/fx8_treadfx_asphalt_tread_emit
a4c02a87f41a926,player/fx_plyr_footstep_tracker_l_wz
a4d72e383d4dd5e,fire/fx8_brazier_lg
a512c225256a2e9,ui/fx8_infil_marker_contested_window
a52c3d93a368411,impacts/fx8_bul_impact_robot_body_fatal
a52dfce0207165a,zm_ai/fx8_cata_plasma_blast_c2
a5567d0168ae02f,weapon/fx8_shellejects_pistol
a56d13b13eb0e82,zombie/fx_blood_torso_explo_lg_zmb
a59ec613aa53582,destruct/fx_dest_paper
a5f6419bc785b48,fire/fx8_line_sm
a60ace99e7bd187,dirt/fx8_dust_fall_xlg_os
a62ff8d8ce96108,impacts/fx8_hero_impact_grvity_spk_default
a6b5bf7ec400161,vehicle/fx_treadfx_agr_dirt_emit_child
a6f7c4ffced5320,blood/fx8_blood_decal_impact_ground
a70a6908023185e,light/fx_light_headlight_generic
a70fc605fd12149,vehicle/fx8_treadfx_dirt_skid_emit
a744e1188856d79,zm_ai/fx8_stoker_eye_glow
a77a5c19fe46ef1,explosions/fx_exp_grenade_surface_sand_child
a7e2fe397bce7a9,blood/fx_blood_decal_impact_ground_sm
a7fc109fb46bc1d,maps/zm_mansion/fx8_water_splash_fountain_line
a820cce022ed393,zm_ai/fx8_cata_plasma_blast_uw
a8255a2bbcdb1cd,zombie/fx8_teleport_instant_1p_ported
a82764355d9e89b,blood/fx_ability_blood_decal_augmentation
a85173ebca308fe,weapon/fx8_shellejects_shotgun_yellow_resting
a854e7b286ba4f3,impacts/fx_bul_impact_wood_hero_minigun
a8714adcbb84755,zombie/fx_spawn_dirt_body_dustfalling_zmb
a894f2e7fee8450,zm_weapons/fx8_ww_tesla_sniper_bulb_c
a89502e7fee8603,zm_weapons/fx8_ww_tesla_sniper_bulb_b
a89512e7fee87b6,zm_weapons/fx8_ww_tesla_sniper_bulb_a
a89562e7fee9035,zm_weapons/fx8_ww_tesla_sniper_bulb_d
a8d82e1c0ad0223,weapon/fx_trophy_light_enemy
a8f0f90d3f7dce4,zm_weapons/fx8_viper_bite_projectile_trail
a8faa869b9153e1,impacts/fx8_bul_impact_fireworks_corpse_nonfatal_uw
a9009a1f8356612,impacts/fx8_bul_impact_wz_mud_sm
a905a3a5c52586d,vehicle/fx8_treadfx_grass_skid_child
a9159bef624d260,maps/zm_escape/fx8_magicbox_arrival
a92796368faa81f,maps/zm_white/fx8_quest_mannequin_charging
a94b2564f5a790e,vehicle/fx8_treadfx_asphalt_skid_child
a97eab188a194eb,fire/fx_fire_ai_human_leg_right_os
a998a83f547580e,dirt/fx8_dust_underwater_md
a9b6fd0b175be2e,animals/fx8_bio_fly_dark_100x100
a9eb89c0d1f6809,fire/fx8_candle_sm
aa212a5865349da,zm_ai/fx8_blightfather_weakspot_jaw_amb
aa34fabb38f1d2e,zm_ai/fx8_cata_water_footstep_right
aa363cf73f906ec,impacts/fx8_grapple_impact_metal
aa3d188417a6a1c,explosions/fx8_exp_grenade_mud
aa886d21e284bdb,impacts/fx8_bul_impact_mud_lg
aaa61732a862904,explosions/fx_exp_grenade_surface_snow_child
ab0dbe0ca737540,maps/zm_escape/fx8_ghost_boat
ab40e641efec97d,killstreaks/fx_sentinel_exp_2
ab47033120bf35e,blood/fx8_blood_decal_impact_ground_zmb
ab75d3ccfc9a7ee,electric/fx_ability_elec_surge_short_wasp
ab8bcf86391b223,killstreaks/fx8_dart_explosion
ab8ef881dff3b58,zm_ai/fx8_gegenees_shield_guard
abca32bdc7eea30,vehicle/fx8_treadfx_default_skid_child
ac0418f45f103a9,vehicle/fx8_treadfx_concrete_tread_child
ac0bb9c0d3c5388,fire/fx8_candle_md
ac2252fbc96b5cc,weapon/fx_incend_grenade_fire_sm_uw
ac4f2e3e675d65d,impacts/fx8_grapple_release_dirt
ac5fa0401ccac24,impacts/fx_bul_impact_glass_omni_xsm
ac7ec38d265c496,maps/zm_escape/fx8_magicbox_opened
ac90c972ed88094,weapon/fx_hero_bow_lnchr_exp_bot_trail_emitter
accab88e7ebb39a,fire/fx_fire_ai_robot_arm_right_os
ace60d21e48da86,impacts/fx8_bul_impact_mud_sm
acf6374a2c88952,zombie/fx_powerup_grab_red_zmb
acfc41cb829aaa8,zombie/fx_weapon_box_open_glow_zmb
ad4ffc74f19d871,dirt/fx8_dust_fall_lg_impact
ad5338299e60314,vehicle/fx_treadfx_agr_dirt_emit
ada54108943d70e,impacts/fx8_hero_impact_grvity_spk_water
ae2008ec657ea6b,zm_weapons/fx8_raygun2_ug_view
ae2a44190ffa61a,_t6/misc/fx_zombie_eye_single
ae5b91cff2b27d5,explosions/fx8_exp_grenade_snow
ae75858556da4e7,weapon/fx_sensor_targeting
ae99265dbf701b3,dirt/fx8_dust_linger_200x200_thick_int
aeac15a43560562,zm_ai/fx8_cata_plasma_blast
aed121beba1e179,impacts/fx8_grapple_release_default
aed5d65847d584e,zm_ai/fx8_nova_crawler_gas_release
aefb71a9ab3e361,debris/fx8_debris_paper_static
aefd1d293219b31,ui/fx_ui_gi_patrol
af000a561e3d01e,weapon/fx8_shellejects_minigun_resting
af358497f08e7c7,weapon/fx_trail_rpg
afb1313fd33c86c,vehicle/fx8_treadfx_dirt_skid_child
afc25909914914c,weapon/fx_hero_bow_lnchr_trail_sm
affa48c16d2c319,maps/zm_escape/fx8_summoning_key_glow
b0059cda7f0cd3f,fire/fx_fire_ai_human_leg_right_loop
b008f23ef5f92b5,maps/zm_escape/fx8_energy_portal
b056cabf18857aa,impacts/fx8_bul_impact_wz_gravel_base
b06248d8a2eef6e,zombie/fx8_perk_altar_symbol_ambient_ethereal_razor
b0d845cd3f7ce85,electric/fx8_elec_gp_wire_sparking_sml_anim_v2
b104682762dd6f8,maps/zm_red/fx8_soul_orange_c
b11cdc743920c4c,impacts/fx8_bul_impact_raven_limb_fatal_exit
b12074b48c72d4d,weapon/fx8_muz_flare_sparks_1p
b144677a622ffb3,weapon/fx8_shellejects_minigun
b1473dca9e66426,zm_weapons/fx8_www_reload_lvl2
b1474dca9e665d9,zm_weapons/fx8_www_reload_lvl3
b17f34b48cb76ff,weapon/fx8_muz_flare_sparks_3p
b1984c0004a2840,zm_weapons/fx8_raygun_impact_ug_zmb
b1d3c6ea81822d8,blood/fx_blood_drip_splash_decal_xsm
b1d42d579380f1b,maps/zm_red/fx8_soul_red
b21dffc82e53ef6,zm_ai/fx8_stoker_dest_weak_point_dynent_arm
b246b8fc14ef548,zm_ai/fx8_stoker_charge_shovel
b261cc27e85399f,explosions/fx8_exp_grenade_dirt
b275eecd5caf9d7,_t7/killstreaks/fx_drgnfire_light_red_3p
b2a6dfed00570ee,fire/fx_fire_ai_human_leg_left_os
b2fbfe54d6d6a00,explosions/fx8_exp_grenade_mini_sand
b348da50894d2f3,ui/fx8_infil_marker_shoutcaster_allies
b353ac530035c36,animals/fx_bio_fly_dark_50x50
b35af891deeb706,impacts/fx_bul_impact_boss_body_fatal
b398ee48ce5188f,weapon/fx_muz_veh_gun_med_3p
b3ac918e903ed20,_t6/misc/fx_zombie_bloodspurt
b3b5af3fd550cd0,zm_weapons/fx8_raygun2_reload
b3c9205653b31d9,_t6/bio/player/fx_player_dust_inair
b3d805bcbff9cf6,maps/zm_escape/fx8_portal_lightning_trail_red
b3f97cf646813ac,explosions/fx8_exp_grenade_water_surface_deep
b440cbdd1f45e35,ui/fx8_fracture_plyr_marker_shamrock
b470bd0c4267ac4,_t6/explosions/fx_vexp_cougar
b47b0301b5ee854,zombie/fx8_doorbuy_death
b4a2f61b6e344b5,impacts/fx8_bul_impact_default_uw_xlg
b4bf66059dc7260,ui/fx_dom_marker_team_r250
b4c7580f7a0ef94,vehicle/fx8_treadfx_mud_tread_child
b4c7db0ed8136ae,fire/fx_fire_trail_exp
b523a82aa798e72,fire/fx8_ground_line_xsm
b551848793bec4c,weapon/fx8_hero_sig_disrupt_trophy
b5649a979dfdb70,fire/fx8_brazier_md_int
b58a42a1eaddeb7,fire/fx8_candle_xsm
b59773597c5efda,zombie/fx8_pap_collapse
b59c56f7c59ac79,explosions/fx8_exp_grenade_concrete
b5d008f53a2c52d,zombie/fx_idgun_hole_md_zod_zmb
b5d146059eb188d,ui/fx_dom_marker_team_r200
b5d30a0f27fa75c,ui/fx_dom_cap_indicator_team
b5ed2d5f777b917,fire/fx8_fire_fireplace_gas
b5faff633fe8f6a,impacts/fx8_bul_impact_soul_runner_nonfatal_uw
b630537273c72ec,killstreaks/fx_mship_burner_mp
b63806059f03bbf,ui/fx_dom_marker_team_r220
b6c86861ab162b1,maps/zm_red/fx8_soul_green_c
b6cb4088b69f764,smoke/fx_smk_ai_human_leg_left_os
b6eb78245434147,light/fx8_light_pulse_green
b6f89a048c38cf6,zombie/fx8_magicbox_marker_red
b70232b2892e045,explosions/fx8_exp_grenade_water
b71a6c9f08cfe3b,maps/zm_escape/fx8_lightning_trail_red
b74925d6daab76c,zm_weapons/fx8_aat_brain_decay_torso
b74ede35f3681c5,dirt/fx8_mud_ground_rattle
b773dbbac0012ff,zombie/fx8_power_door_amb_quest
b7747ba505fb1f9,impacts/fx8_bul_impact_money_head_nonfatal_exit
b781118a6db716e,impacts/fx8_bul_impact_wz_metal_base_xlg
b7940f62c56793a,impacts/fx8_bul_impact_metal_uw_xsm
b794ac3c1c84a43,killstreaks/fx_rcxd_lights_grn
b7b139e149728a1,zombie/fx_bgb_burned_out_ring_zmb
b7da0d14582d74e,fire/fx_fire_trail_destruct_sm
b7e3082aa9eb85f,fire/fx8_ground_line_xlg
b7eab5bd2013b02,zombie/fx8_wallbuy_amb
b80cac4b4028152,smoke/fx8_smk_vent_xsm
b81364420d7aae6,zombie/fx_aat_turned_spore_torso_zmb
b81b5593e113a12,explosions/fx_vexp_wasp_gibb_death
b89ded66783cd46,weapon/fx8_trail_snowball
b8a6493a00c1aed,maps/mp_jungle2/fx8_fire_tall_sm
b8bd64da995678e,fire/fx_fire_ai_robot_arm_right_loop
b8d516623f4124a,impacts/fx8_bul_impact_ice_head_fatal
b8d696874f5459a,explosions/fx_vexp_raps_death_core
b8d779659f710f0,zm_ai/fx8_nova_crawler_explode
b90653b53d241c0,_t6/misc/fx_equip_light_red
b930daa9ce3f024,weapon/fx8_muz_md_suppressed_1p
b9537ef1ee1d345,foliage/fx8_leaves_fall_rattle
b95ce72c6f24335,weapon/fx8_muz_smg_acc_1p
b985d3c20786f71,zm_weapons/fx8_raygun_view_ug_zmb
b99f9aa9ce9ecd6,weapon/fx8_muz_md_suppressed_3p
b9a5e0c33750abe,zm_ai/fx8_cata_plasma_aura_head
b9b4c02c41fccb9,maps/zm_white/fx8_lgt_pap_console_red
b9bda72c6f6c347,weapon/fx8_muz_smg_acc_3p
b9cb91336aa0c8f,steam/fx_steam_hpressure_md
b9e83ad23928f9e,zm_weapons/fx8_raygun2_ug_world
ba002c60c7df2a0,explosions/fx_exp_grenade_surface_concrete_child
ba4983732f054c2,fire/fx_fire_ai_human_leg_left_loop
ba59b6080f4632d,impacts/fx8_flechette_impact_dirt_base
ba8f8e04867c5bc,weapon/fx_muz_md_4arc_mb
bad155e87d93242,maps/zm_escape/fx8_spinning_trap_blood_trail
bae630cd8deaa5f,fire/fx_ability_fire_immolation_pamws
bb3f9710a6415c8,impacts/fx_bul_impact_heavy_head_fatal
bb56d8eee07c7ef,player/fx_plyr_clone_reaper_appear
bba4f7db21e57b3,zombie/fx8_magicbox_amb_plinth_flash
bc38074b90ba008,weapon/fx8_muz_lg_mb_gas_flash_3p
bc4342f5ab4cbd5,fire/fx_ability_fire_immolation_raps
bc76c5134f36689,impacts/fx8_bul_impact_raven_body_nonfatal_exit
bcc0c006e6509f9,maps/zm_escape/fx8_pap_lightning_near
bcd8d3b6edc1d62,explosions/fx8_exp_grenade_semtex_wood
bcfba7e7c4b2879,ui/fx8_ui_ct_marker_team_b135_yellow
bd2283d114956cb,electric/fx_sparks_burst_dir_md_z135_orange_os
bd4c9b0fb97f425,wz/fx8_zm_box_marker_rainbow
bd5525bca7d9ce8,impacts/fx8_bul_impact_wz_dirt_base
bd623168ecfd138,impacts/fx_bul_impact_metal_uw_sm
bd7a9909f6c7014,killstreaks/fx_agr_explosion_decal
bd7e71b9295f65d,impacts/fx8_bul_impact_wz_water_sm
bd9232f53f54788,impacts/fx8_bul_impact_soul_corpse_nonfatal_uw
bd9a17875aaf5be,zombie/fx_tesla_tube_view_ug_zmb
bda64ace64f75ef,fire/fx8_ground_group_sm
bdb46f62ca94dc7,impacts/fx8_bul_impact_metal_uw_xlg
bdbc819ff28155c,impacts/fx8_bul_impact_snow_xtreme
bdc84d4bd8491c3,maps/zm_towers/fx8_boss_attack_spear_tell
be26d6ea59b8541,zm_weapons/fx8_www_drag_enemy_ember_torso
be5f7d4447814ed,destruct/fx_vdest_car_engine_fire_frnt
be62088633d77b6,explosions/fx8_exp_grenade_semtex_metal
be8723cb53ad415,weapon/fx_sensor_scan_enemy_os
bf5da28247c5735,impacts/fx8_flechette_impact_gravel
bf5f60f14a9b6f1,fire/fx8_fire_oil_xsm
bf65b3cb7ea2111,zm_weapons/fx8_www_drag_portal
bfa31121573c8d1,player/fx8_plyr_infect_change_flash_3p
bfc5d7fce6b2a4e,maps/zm_red/fx8_soul_purple
bfd652e2faa4931,vehicle/fx8_treadfx_asphalt_tread_child
c00dbf48ba85c81,ui/fx8_theater_camera_head
c02ad73d5ee1671,impacts/fx8_bul_impact_money_limb_fatal
c0369e4c2690c22,zm_weapons/fx8_raygun2_impact_flesh
c04b62047703a60,impacts/fx8_bul_impact_blood_head_fatal_exit
c05bc4ccb9ab197,zm_ai/fx8_stoker_fire_arm
c0669a8d233045d,vehicle/fx8_treadfx_grass_tread_front
c076b1035f766d2,impacts/fx_bul_impact_blood_body_nonfatal_zmb
c098d8cc4fabe6a,maps/zm_escape/fx8_ghoul_head
c0e68eea0a7d284,maps/zm_escape/fx8_magicbox_leave_smoke
c0f11b63326f8ee,maps/zm_towers/fx8_crowd_reward_flower_exp
c0f2d168effa77d,impacts/fx_bul_impact_metal_uw_lg
c106cc0ff8be8e1,smoke/fx8_barrel_sm
c1236cd7c5702b9,killstreaks/fx_hatr_exp
c15d5be32208391,vehicle/fx8_treadfx_mud_tread_emit
c18c38f0411108c,impacts/fx_bul_impact_glass_omni_sm
c18e9c44f432772,zm_weapons/fx8_www_drag_enemy_ember_hip_right
c1a671d9f382711,zombie/fx_parasite_acid_drop_impact
c1a7eec57f8b8fa,zm_ai/fx8_blightfather_maggot_death_exp
c24b0aad84551f4,impacts/fx8_bul_impact_fireworks_corpse_nonfatal
c24de507b54bd4f,zombie/fx8_wallbuy_reveal
c26eaf02f07b0f6,player/fx_plyr_land_dust_md
c2bdd1a0a6d0f52,player/fx_plyr_slide_3p_dust
c2d31e47159de2f,impacts/fx8_bul_impact_blood_head_fatal
c2febac72b43674,zombie/fx8_perk_altar_symbol_ambient_electric_cherry
c306429b614a488,destruct/fx_vdest_debris_fire_trail_sm
c34ba62e57aeacf,smoke/fx8_generator_md
c36b8f3325b754a,zm_ai/fx8_destroyer_arm_spurt
c3b0a59efb20e21,_t7/killstreaks/fx_drgnfire_light_green_1p
c3b0bfc9b3cd12d,impacts/fx8_bul_impact_fireworks_limb_nonfatal_exit
c3b480d0b53ec63,zombie/fx_widows_muz_world_sm_zmb
c3ce9a7a1d0be65,fire/fx8_fire_candle_sml_melt_on
c3ed9e96b1af7f0,impacts/fx8_bul_impact_gravel_xlg
c408a3c17b66bc4,vehicle/fx8_treadfx_concrete_tread_front
c41f659efb80ad3,_t7/killstreaks/fx_drgnfire_light_green_3p
c4369152382e03b,zm_ai/fx8_nova_crawler_zombie_buff
c4567265445b488,destruct/fx_vdest_car_engine_fire_side
c45c89b39027170,destruct/fx_vdest_pamws_dmg_body_1
c45cb9b39027689,destruct/fx_vdest_pamws_dmg_body_2
c48e2313349ca19,zm_weapons/fx8_www_dazed_enemy_glow_eye
c4a5c6dc0a72d3f,killstreaks/fx_air_drop_marker_red
c4a834c3c964e31,explosions/fx8_exp_underwater_sm
c4ecc3e288f0dde,zm_ai/fx8_elec_shock_eyes
c4ef04b0752716a,wz/fx8_zm_box_unlock
c4fe3e96b297c21,impacts/fx8_bul_impact_gravel_xsm
c5381708d8b09aa,dirt/fx8_dust_fall_sm_os
c59acb490ecd27a,maps/zm_escape/fx8_alcatraz_brut_spawn
c5bd105b4c26486,fire/fx_ability_fire_immolation_wasp
c5c479e58e12b37,impacts/fx8_bul_impact_metal_spark_bounce
c5dde55fc1b9f45,weapon/fx_prox_grenade_exp
c5ffb835c39dce3,zm_weapons/fx8_flamethrower_tornado_muz
c6130695c09e008,fire/fx_fire_ai_human_head_loop
c63986525f9e957,killstreaks/fx_heli_smk_trail_engine_33
c652fa034a24875,vehicle/fx8_treadfx_sand_tread_emit
c664177ea94beb5,animals/fx_bio_fly_dark_50x50_fast
c674c73cf9c5084,electric/fx_ability_elec_startup_wasp
c6752b810234484,fire/fx_fire_ai_human_waist_loop
c678f42d367a323,zm_ai/fx8_cata_water_footstep
c687ae47b39f05b,ui/fx8_fracture_deposit_point_end
c68aeb80ae10c28,destruct/fx8_trans_heli_exp_lg
c6c2cc4aae7e526,maps/mp_jungle2/fx8_fire_line_sm
c6ca6244dff4edf,electric/fx_ability_elec_surge_short_turret
c6dc92674232976,maps/zm_towers/fx8_boss_death_wisp_trail
c7030a96b93f451,fire/fx_fire_ai_robot_arm_left_os
c711b3ab02e8339,light/fx8_light_spot_brutus_flicker
c74956526085771,killstreaks/fx_heli_smk_trail_engine_66
c74b4de1fe3447a,weapon/fx_muz_veh_quad_rocket_3p
c754ca39c5a67a7,fog/fx8_fog_drift_lg
c796a481b667c8c,ui/fx_dom_cap_indicator_neutral_r90
c7a8e4d9fe5c694,player/fx8_plyr_pstfx_katana_rush_loop
c7decbd23a61efa,smoke/fx8_column_md_green
c7f0dbc37829f85,weapon/fx8_shellejects_saw
c828f535bb0bbe4,zombie/fx_powerup_grab_solo_zmb
c82aaf255bdae54,killstreaks/fx_mship_death_exp
c842fabaacbdcd4,destruct/fx_dest_robot_dmg_dyn_piece_smk
c8492a5a61bce30,weapon/fx8_hero_flamethrower_begin_3p
c8911bafb8efe53,zm_weapons/fx8_tomahawk_trail_charged_blue
c8b9ea5a6220142,weapon/fx8_hero_flamethrower_begin_1p
c8bb7af0d507a25,vehicle/fx8_treadfx_mud_peel
c8cd1174cd3b8ca,maps/zm_towers/fx8_boss_dmg_flesh
c8da8a59b525bf8,zm_ai/fx8_cata_plasma_blast_tell_torso
c8e096a80e6502d,zm_weapons/fx8_ww_tesla_sniper_impact_lg
c8e668696d1fdc2,impacts/fx8_bul_impact_soul_body_fatal
c8ea3b406d38a78,player/fx8_plyr_shocked_stage2_3p
c8eb8a0655e7382,impacts/fx8_bul_impact_robot_body_fatal_exit
c91be5ada949793,impacts/fx8_bul_impact_money_limb_nonfatal_exit
c91f0fba26ea8f7,/destruct/fx_dest_book_row
c94efc68e66ba3d,weapon/fx8_hero_flamethrower_begin_3p_uw
c9ce72b06cb4f8b,player/fx8_plyr_blood_drip_last_stand_splash_oil
c9f01768b8579b3,animals/fx8_bio_fly_100x100
ca1e5bf6487fa8c,zombie/fx_bul_flesh_head_nochunks_zmb
ca3964c3ce29750,explosions/fx8_exp_underwater_md
ca47fc2e289abb2,animals/fx8_bio_butterfly_top
ca5a09c7faf466d,weapon/fx8_hero_grvity_spk_grnd_hit_sand
ca729bc37a4212d,weapon/fx8_shellejects_smk
ca76f9387996d2f,fire/fx8_fire_candle_flame_tall
ca830c5751fae09,zm_weapons/fx8_www_spin_tornado_trail
cac9524109490fe,zm_ai/fx8_stoker_death_c
cad0f265967dad4,zm_ai/fx8_nova_crawler_aura
cb10abaaaa8fd37,impacts/fx8_grapple_release_metal
cb1baff1c0233cc,killstreaks/fx_agr_emp_stun
cb1e3e527bd121c,zm_ai/fx8_bat_eye_glow
cb6a859758f83ec,killstreaks/fx_agr_rocket_flash_3p
cb9864865b6323d,weapon/fx8_hero_sig_disrupt_sentry
cbaa2a759708ece,blood/fx8_blood_cam_gib_spray_zm
cbcb459759403fe,killstreaks/fx_agr_rocket_flash_1p
cc0e3076651f953,fire/fx8_spot_sm_blue
cc0f917375b9e6d,impacts/fx8_bul_impact_fireworks_limb_nonfatal_uw
cc26c965045e351,fire/fx8_line_vista
cc307c3f974b689,killstreaks/fx_rcxd_lights_red
cc3e08f25b75217,zm_weapons/fx8_www_drag_portal_end
cc41a3d453701d3,explosions/fx8_exp_rocket_wood
cc44ccb4d5193c7,weapon/fx_shellejects_shotgun_resting
cc9bba15e1b141c,zombie/fx_perk_stamin_up_zmb
ccb19ff6223b693,wz/fx8_plyr_pstfx_barrier_lvl_02_wz
ccce6da12af146b,maps/mp_slums2/fx8_smk_smolder_lg
ccd40f14e45e69e,weapon/fx_trail_nailgun
ccdaf5f319621b4,impacts/fx8_bul_impact_glass_uw_xxlg
cd05b018af19bb1,zombie/fx8_packapunch_zmb
cd07c31033bdf6f,smoke/fx_trail_smk_robot_dyn_piece_sm
cd0bfd0a3ff1817,maps/zm_mansion/fx8_boss_eye_glow
cd26cbc6aabb70e,zm_weapons/fx8_www_spin_tornado
cd2fb29bb0f309f,weapon/fx8_hero_sig_disrupt_hawk
cd811fe548313ca,_t7/killstreaks/fx_drgnfire_rotor_wash_runner
cdef8ee694997a3,impacts/fx_bul_impact_dirt_hero_minigun
ce116cdcbea2c3f,killstreaks/fx_agr_rocket_exp
ce146d3986d734c,impacts/fx_bul_impact_boss_head_fatal
ceb1c94a406bf25,zombie/fx_powerup_off_green_zmb
ceb6b8de42abe28,impacts/fx_bul_impact_robot_body_nonfatal
cef4c6b669e3b7e,impacts/fx8_hero_impact_grvity_spk_dirt
cf01c21155d889a,_t7/killstreaks/fx_drgnfire_damage_state
cf37c8a5a2ce73c,ui/fx8_ui_ct_marker_team_b90
cf54b8820f39b30,zombie/fx_idgun_vortex_explo_zod_zmb
cf8bfe6057b9574,impacts/fx8_bul_impact_confetti_headshot_fatal_rnr
cfbaeb60ad24e73,maps/zm_white/fx8_toxic_gas_ground
cfbd6f08cfc2656,maps/zm_red/fx8_soul_orange
cfc6898325ded72,weapon/fx_trophy_deploy_impact
cfd91e852a6eced,impacts/fx8_bul_impact_wz_dirt_sm
cfe14d9b89b725a,weapon/fx8_impact_snowball
d01154243d2dc31,zm_ai/fx8_stoker_projectile_coal_charge_forearm
d02c5bfcd40df42,ui/fx8_theater_camera_head_select
d02e555d7cb7f7e,electric/fx8_sparks_burst_dir_xsm_z135_orange_os
d066ebad8ad5d0c,killstreaks/fx_sentinel_lights
d0b462715d6d1e8,maps/zm_escape/fx8_alcatraz_brut_gas
d0b57b57251cea3,explosions/fx_exp_grenade_surface_glass_child
d0f89dc01355a8d,zm_ai/fx8_avo_elec_aura_main
d101fa5cd13ef7b,impacts/fx_bul_impact_default_uw_lg
d11b6a553b5ab91,killstreaks/fx8_hellstorm_trail
d1762b71e878ae7,explosions/fx_vexp_wasp_death
d1ad4a448695da1,killstreaks/fx8_mortar_jet_contrails
d1ceb0fb21de0f9,explosions/fx8_exp_rocket_lg_dirt
d1d7a0bb1b435d6,maps/zm_zodt8/fx8_xd_fog_mist_ground_slow_xsm
d1f070a491aace1,maps/zm_escape/fx8_wolf_portal_hell
d1f3318db3990d3,weapon/fx8_hero_flamethrower_blocked
d201675b8a2a41d,weapon/fx_turret_heavy_link_resting
d25c188e603ad84,weapon/fx8_hero_sig_disrupt_active
d2635d7b8f2e84b,_t6/misc/fx_equip_tac_insert_light_red
d27728bfac8feab,zm_ai/fx8_blightfather_vomit
d27931954af2ff1,weapon/fx_muz_veh_minigun_lg_3p
d2be0483f4b0b1f,fire/fx_fire_ai_robot_leg_left_os
d2e7548c7dfc406,zombie/fx8_perk_zombshell_aoe
d306d2e7cd05214,explosions/fx8_exp_grenade_surface_snow_child
d34003c3e798773,fire/fx_fire_ai_robot_leg_left_loop
d340830c8a76084,electric/fx8_elec_sparks_sm_directional_os_orange_quick
d3529807b61143a,explosions/fx8_exp_grenade_surface_wood_child
d35f9a5cd347e26,impacts/fx_bul_impact_default_uw_sm
d366bade6b2744f,zm_ai/fx8_blightfather_transform_puddle_c
d36ac1cc5215038,zm_ai/fx8_gegenees_spear_tip_tell
d394f60eaa0ee17,zm_weapons/fx8_www_drag_enemy_ember_leg_right
d3b9763bc6ff598,fire/fx_fire_ai_human_hip_right_os
d3d57e759377b19,zombie/fx_tesla_tube_view_zmb
d3f52fcb9e4c4d3,killstreaks/fx_agr_emp_stun_os
d42c27b7a1fb8d3,dirt/fx8_dust_blowing_vista
d44766c022f2266,impacts/fx8_bul_impact_fireworks_head_fatal_exit
d4559368d05878b,zm_ai/fx8_elec_shock
d46181579ac23b3,impacts/fx8_bul_impact_wood_uw_xlg
d47ab5cd1e7b732,zm_weapons/fx8_tomahawk_trail_charged
d48b12d71f61576,zm_weapons/fx8_www_shrink_globe_death
d4bd1d304210e53,_t6/explosions/fx_exp_equipment
d4ecfd7d55314e9,maps/zm_escape/fx8_magicbox_flare
d4f970e8f846dff,maps/zm_red/fx8_soul_charge_purple
d52f094e9fd5848,snow/fx8_icicle_fall_impact
d54c7b4dbbe4ac9,player/fx_plyr_pwr_armor_break
d5bae2ad1c8d0ae,killstreaks/fx_air_drop_marker_gold
d5c5bc7334f73af,maps/zm_white/fx8_toxic_gas_venting_lg
d61168f93739083,player/fx8_plyr_pstfx_acid_smoke
d621e9365562eb1,animals/fx8_bio_fly_trash
d656b1aba2905b0,fire/fx_fire_ai_human_waist_os
d66a9f5776f1fba,zombie/fx8_magicbox_marker
d6bef86768f8a50,ui/fx_dom_cap_indicator_neutral_r250
d6d720fe18d9609,weapon/fx_muz_veh_minigun_xlg_3p
d7074cbb363d35d,zm_ai/fx8_stoker_fire_head
d72e640cf78415b,fire/fx_fire_candle_med_melt_on
d758bcb9c7efd17,destruct/fx_dest_turret_2
d758ccb9c7efeca,destruct/fx_dest_turret_1
d7a1fef30941eed,impacts/fx_bul_impact_heavy_head_nonfatal
d7b0d36a1b8c73e,_t6/weapon/riotshield/fx_riotshield_depoly_lights
d7c0ec2831c8746,weapon/fx8_muz_md_gas_flash_1p
d7c8d86769d56fd,ui/fx_dom_cap_indicator_neutral_r200
d80ca98cbfb884b,zm_ai/fx8_gegenees_shield_blast
d8326e561c37156,weapon/fx_c4_light_blue
d83798676a353af,ui/fx_dom_cap_indicator_neutral_r220
d885739142015b7,snow/fx8_snow_ground_wet_rattle
d8a1ffc7ea6be4b,explosions/fx8_exp_grenade_semtex_mud
d8b04747ff4631d,zm_ai/fx8_avo_elec_aura_downed
d8b1dcf58f240f1,impacts/fx8_bul_impact_dirt_sm
d8e847afdf9020c,weapon/fx8_hero_flamethrower_end_3p
d906812e42877b2,zm_weapons/fx8_www_shrink_enemy_torso
d90815a449edc12,impacts/fx8_bul_impact_metal_xtreme
d945c0aa4270ded,weapon/fx_hero_lightning_gun_muz_flsh_3p_chrg
d94f7b4389cad84,zombie/fx_teleport_flashback_zmb
d9500738747ecb0,impacts/fx8_bul_impact_wz_base
d98dccadb372955,zm_ai/fx8_nova_crawler_gas_projectile_impact
d9a36ac32c18d74,weapon/fx_hero_annhilatr_glint
d9bbdb3bc6df7ed,destruct/fx_dest_spark_tendril_os
d9ccb165a15b80e,steam/fx8_steam_hpressure_xsm
d9f642212d18fe2,impacts/fx8_bul_impact_raven_runner_fatal_uw
da2221579fa935e,impacts/fx8_bul_impact_wood_uw_xsm
da2c769c099c022,player/fx8_plyr_speed_distort_lg_emitter
da39cad5aaa5731,impacts/fx8_bul_impact_water_sm
da47c48b0ea732b,weapon/fx8_hero_sig_disrupt_hawk_wing
dacec9dc8921d34,zm_ai/fx8_blightfather_transform
dafcddd8a6053a9,weapon/fx8_muz_ar_acc_3p
db1ecb54b192a49,lensflares/fx8_lf_sniper_glint
db2ddc4dd22eaf7,destruct/fx8_dest_glass_window_md
db6408b95fd4a7b,ui/fx8_ui_ct_plane_marker_team_b180
db6d9dd8a6686bb,weapon/fx8_muz_ar_acc_1p
db84b6497049cd1,weapon/fx_muz_chppr_gas_flash_sm_3p
db874adacf534fa,impacts/fx8_bul_impact_robot_limb_fatal_exit
db9aa05f8a2d39a,blood/fx_blood_acid_decal_impact_ground_zod_zmb
dbb514d21248698,fire/fx8_ground_scatter_sm
dbcff602c6f8caf,impacts/fx8_bul_impact_soul_body_nonfatal
dbdb03bda9400a9,_t6/maps/zombie/fx_fog_zombie_amb
dbf696c7e3cef9c,dirt/fx8_dust_fall_crumble_rattle
dc1d8ed318e4ffb,impacts/fx_bul_impact_blood_head_fatal_zmb
dc334ea5fb2163e,killstreaks/fx8_uav_exp
dc40a0386e5cb6d,killstreaks/fx_vtol_exp
dc7d7e3f0d56e1a,ui/fx_ctf_flag_base_team_yellow
dc804f42eb9ceb8,smoke/fx_smk_generator_exhaust
dc8f2a7f3339eb0,maps/zm_escape/fx8_buoy_light
dc9223a267d4574,weapon/fx8_shellejects_shotgun_purple_resting
dc986e00ac2d9b1,impacts/fx_bul_impact_armor_head_nonfatal
dcabc8b960ec639,ui/fx8_ui_ct_plane_marker_team_b128
dcad383513d333d,zombie/fx8_debrisbuy_death
dcc3d27512fa044,water/fx8_water_surface_rattle
dcf9e59faf9aa4b,ui/fx8_theater_camera_head_glow_green
dd239482c720c57,zm_ai/fx8_stoker_death_c3
dd2df7b9948ca1d,explosions/fx8_exp_equipment_lg
dd3c40545123d63,killstreaks/fx8_predator_exp_lg
dd4b68b9617108c,ui/fx8_ui_ct_plane_marker_team_b170
dd52faf66e5aba3,weapon/fx_incend_grenade_fire_sm
dd56f729b60a2b7,zombie/fx_bmode_glint_hook_zod_zmb
dd59b07c2ea8004,explosions/fx_exp_drone_death
ddbc28b961d439e,ui/fx8_ui_ct_plane_marker_team_b150
ddd7c7a47d0afac,killstreaks/fx_heli_exp_streamer2
ddd7d7a47d0b15f,killstreaks/fx_heli_exp_streamer3
ddd7f7a47d0b4c5,killstreaks/fx_heli_exp_streamer1
de08cfbd97fec96,impacts/fx8_bul_impact_fireworks_runner_fatal_exit
de2d06e3bba9722,impacts/fx8_bul_impact_money_limb_fatal_exit
de4b918ea7d5e3c,zm_weapons/fx8_tomahawk_charge_ug
de65269d4d0326d,weapon/fx8_muz_smg_hand_1p
de65a9c3f7ef316,zombie/fx_fire_torso_purple_os_doa
de66d6d85437104,impacts/fx_bul_impact_boss_body_nonfatal_exit
de6b512fcf35e74,weapon/fx8_hero_sig_shockrifle_spike_active
de713cf59408ea0,impacts/fx8_bul_impact_dirt_lg
de8988b9ed847f4,ui/fx8_ui_ct_plane_marker_team_b350
dec758be67f5bbb,water/fx_water_impact_ripple_md
ded3e69d4d62f1f,weapon/fx8_muz_smg_hand_3p
dedaf65d8e3230b,killstreaks/fx_ed_lights_green
dedbfa1570bd549,killstreaks/fx_vtol_exp_smoke_trail_sm
df34072d91d7005,/destruct/fx_dest_coffee_maker_digital
df87b23dcc52a6e,zm_ai/fx8_gegenees_spear_tip_flame
df87e4d2158812d,fire/fx8_ground_scatter_md
dfbb944551c7c5f,killstreaks/fx_uav_damage_trail
dfbcfd9b38812ed,maps/zm_red/fx8_soul_charge_blue
dff92ad5af8a4e0,impacts/fx8_bul_impact_water_lg
e0096e150933469,impacts/fx_bul_impact_thin_metal_hero_minigun
e013171ddf456ed,electric/fx_elec_veh_dmg_weakspot
e064f4bf1e8aa1d,zombie/fx_monkey_lightning_zmb
e0650d44fa3eeee,zombie/fx8_perk_winters_wail_aoe
e0e5fc58a3259eb,weapon/fx8_hero_bow_lnchr_impact
e0ff438b956a7c9,explosions/fx8_exp_rocket_concrete
e16c4f023c89a8d,zombie/fx8_perk_ethereal_razor_3p
e1c61155940b277,impacts/fx8_bul_impact_fireworks_body_fatal
e1db0f023ce973f,zombie/fx8_perk_ethereal_razor_1p
e231cfa42e4235d,vehicle/fx8_treadfx_default_skid_emit
e2363c43b8ae6b3,zombie/fx_raygun_trail_ring_emit_zmb
e261e7fd620ac9e,maps/zm_escape/fx8_shield_crafting
e272f1a9f143051,maps/zm_office/fx8_magicbox_marker_fl
e27aa600ae32a4d,explosions/fx_vexp_truck_pickup
e2b2bcea07134d1,impacts/fx8_knife_impact_blood
e30f85cd986e5cc,killstreaks/fx_emp_core
e32286d3d179753,weapon/fx8_shellejects_shotgun_yellow
e33826c1a410891,dirt/fx8_dust_fall_md_os
e340441a8e2a6db,maps/zm_zodt8/fx8_fog_mist_ground_slow_xsm
e3623a70ac513f2,_t6/explosions/fx_grenadeexp_default
e39ca9c4a723f14,weapon/fx8_hero_grvity_spk_grnd_hit_snow
e3b91086200f013,zm_weapons/fx8_raygun_geotrail_ug_zmb
e3c88331c552ec1,weapon/fx8_hero_sig_radiation_phase2_foe_v4
e3e9a4d3d7ca3c6,fire/fx_fire_ai_robot_torso_loop
e3f93b14798cde3,impacts/fx_bul_impact_boss_body_nonfatal
e408d3276ee8f9e,maps/zm_towers/fx8_boss_eye_glow_alt
e42190ffc62555b,maps/zm_escape/fx8_portal_lightning_white
e43d43c6586fcb5,zombie/fx8_magicbox_marker_fl
e484d5769982780,maps/zm_red/fx8_soul_purple_c
e492b7d3c96ffb2,explosions/fx_exp_grenade_flshbng_smk
e4a861318714ac9,weapon/fx_hero_annhilatr_death_blood
e4b612db9ee3595,impacts/fx_bul_impact_heavy_head_fatal_exit
e4e162dc25765f5,weapon/fx_prox_grenade_wrn_grn
e4e366619beb3f4,dirt/fx8_dust_debris_wall_rattle
e4e796c1a57c0fe,dirt/fx8_dust_fall_md_wz
e4f56c2c7a88875,ui/fx8_fracture_deposit_point
e50e15168aef786,maps/zm_escape/fx8_wolf_portal_hell_close
e52765b1b6a1c81,zm_ai/fx8_dynamite_zombie_explode
e52e3fa45a13512,impacts/fx8_bul_impact_robot_base_sm
e5309091c5c45c1,destruct/fx8_atk_chppr_exp_lg
e53c5825f8bd12c,fire/fx8_candle_flame
e5543a8375aa702,impacts/fx8_laser_impact_default
e5623c64d1a3f07,explosions/fx8_exp_grenade_mini_wood
e58d131ce9db5ba,killstreaks/fx8_mortar_jet_thrusters
e59d33205c832e9,fog/fx8_fog_thick_slow
e5b14f2343f17b8,zm_ai/fx8_blightfather_weakspot_sack_amb
e5b6adde6678617,dirt/fx8_dust_windy_doorway_os
e63526656cbacdc,zombie/fx_idgun_ug_hole_md_zod_zmb
e6378eb5e19fc56,weapon/fx8_hero_sig_radiation_phase1_friend_v4
e6727f557c1c41f,electric/fx_sparks_burst_dir_md_z030_orange_os
e675085ad7d8d6e,killstreaks/fx_heli_chaff_flare
e68fc37599a8e13,player/fx8_plyr_speed_distort_sm_emitter
e6a8ab128ef3cdd,fire/fx_fire_ai_human_torso_os
e6be698bd794446,ui/fx_koth_marker_blue_window
e6f4e4a972d06c8,fire/fx_fire_ai_human_arm_left_os
e70ee82208da9b5,water/fx8_water_drip_stream_long
e72d0bae1cf9042,weapon/fx_shellejects_pistol_resting
e738b8040b8c5b2,impacts/fx8_bul_impact_raven_head_nonfatal
e742dfc4b3234f8,weapon/fx_prox_grenade_elec_jump
e77c2a27d22d340,impacts/fx8_bul_impact_raven_body_fatal_uw
e7857b7283c4add,dirt/fx8_dust_blowing_ground
e78af902f84621e,explosions/fx_vexp_hunter_death
e849aa59b00bbb5,zm_ai/fx8_blightfather_weakspot_jaw_exp
e8623d884a9676f,maps/zm_office/fx8_elec_trap_light_red
e8c965132e16604,zombie/fx_idgun_hole_xsm_zod_zmb
e9372a2e874f2b0,weapon/fx8_hero_bow_lnchr_trail_emit_sm
e93f29e5be8ee7a,steam/fx8_steam_hpressure_sm
e94f7cca9f307df,smoke/fx_smk_veh_amws_transform
e96e895279c7102,destruct/fx8_atk_chppr_smk_trail
e98cb0e0be52531,impacts/fx_bul_impact_body_armor_lg
e98cf73d20c60bb,impacts/fx8_bul_impact_blood_limb_nonfatal_exit
e9a695b8617145b,impacts/fx8_bul_impact_mud_xxlg
e9f808622152d3f,impacts/fx8_bul_impact_dirt_uw_xxlg
ea4050fc21cf521,explosions/fx8_exp_grenade_surface_mud_child
ea77a704abdb55d,fire/fx8_column_md
ea9cd1baa307718,maps/zm_white/fx8_monkey_bomb_reveal
eaba6fc885fa203,zombie/fx8_perk_blaze_phase_trail
eababb0e902a978,/destruct/fx_dest_server_rack_stackable_lower_02
eabaeb0e902ae91,/destruct/fx_dest_server_rack_stackable_lower_01
eae34c167754f42,impacts/fx8_bul_impact_wz_water_base_xlg
eaecfcc1a3a09cd,fire/fx_fire_ai_human_arm_right_os
eb00ff100d8e6ce,maps/mp_casino/fx8_steam_ceiling_fill
eb426cfbfef7486,maps/zm_office/fx8_magicbox_marker
eb45bff0d4ecf49,zm_ai/fx8_cata_water_aura_head
eb4f466cbe7d5f9,impacts/fx8_bul_impact_wz_mud_base_xlg
eb7e38bb5474152,impacts/fx8_bul_impact_ice_ground
ebb0d2d5095754e,weapon/fx8_muz_sm_smk_1p
ebf63a96e625a07,explosions/fx8_exp_rocket_default
ebf6951e4596d85,destruct/fx_dest_exp_decal
ec326755bb805e2,weapon/fx_shellejects_shotgun
ec6212c406134c6,explosions/fx8_exp_bomb_surface_wood_child
ec6379ce531b713,explosions/fx8_exp_grenade_surface_glass_child
ec71865abf114bb,weapon/fx8_muz_xlg_smk_3p
ec90c3882bc7e26,zm_weapons/fx8_aat_opposite_exp
ecb50bd23159d2f,smoke/fx8_smk_ventilation_md
ecc9e78037c5407,zm_weapons/fx8_viper_bite_projectile
eccdf8553b4b406,impacts/fx8_bul_impact_money_fatal
ecf94df27ecb610,electric/fx_elec_rail_2_os_zod_zmb
ed3b8ea9e1ba185,impacts/fx8_bul_impact_confetti_headshot_fatal
ed4e502c3110d11,smoke/fx_smk_ai_human_hip_left_os
ed77a22f165e308,zombie/fx8_magicbox_amb
ed78d704ae6f968,fire/fx8_column_sm
ed7e32b7fd9a111,zm_ai/fx8_zombie_tiger_eye_glow_green
ed803bdff658e96,killstreaks/fx_care_package_thruster
ed89a8d8c34a871,killstreaks/fx_ls_exp_bomb_tendril_emit
ed91ab364262716,zombie/fx_blood_torso_explo_zmb
ed9a9fe9311a692,zombie/fx_sword_slash_left_1p_zod_zmb
edb218fcaf8a860,weapon/fx8_muz_ar_fast_3p
eddf8628495050d,zm_ai/fx8_nova_crawler_mq_aura
ede8dc404c21cc8,impacts/fx8_bul_impact_fireworks_body_fatal_exit
edf388016859f9f,animals/fx8_bio_butterfly_50x50
ee22d8fcafedb72,weapon/fx8_muz_ar_fast_1p
ee533892820d279,killstreaks/fx_vtol_lights_grn
ee57cc1986ddc81,ui/fx_dom_cap_indicator_team_r200
ee7ef96d8e9fcfa,weapon/fx8_hero_grvity_slam_takeoff_3p
eebe8c19872ffb3,ui/fx_dom_cap_indicator_team_r220
eec3c0ee053a6cf,snow/fx8_snow_fall_line_rattle
eec9722c838ae73,foliage/fx8_leaves_ground_rattle
eedac5e82556195,killstreaks/fx_air_drop_marker_white
eedce7ff290ffe7,explosions/fx8_vexp_fav_buggy
eef6ec19876193c,ui/fx_dom_cap_indicator_team_r250
eef96000a576560,player/fx_plyr_land_dust_dirt_xlg
ef0f1647e3ba536,zm_ai/fx8_gegenees_spear_trail_gold
ef3252f05119114,impacts/fx8_bul_impact_ice_body_fatal
ef42a69414d478f,blood/fx8_drip_impact
ef5c5bae6c8f21c,vehicle/fx8_treadfx_dirt_tread_emit
ef6713ce04422c5,zombie/fx_tesla_impact_default_zmb
ef9d79e5c3f73cb,steam/fx8_steam_hpressure_md
efaa7b50b0bd88b,maps/zm_escape/fx8_wolf_soul_charged
efd3734f063a9e1,vehicle/fx8_treadfx_grass_peel
eff7803b81cd67d,maps/zm_red/fx8_reward_brazier_fire_orange
f007d168b83515d,/destruct/fx_dest_pallet_wood_damaged
f00803e69f26e0a,ui/fx_koth_marker_contested
f059e016a86d7f5,zm_ai/fx8_bat_transform_emit
f05abb260cc9cb4,impacts/fx8_bul_impact_gravel_uw_xsm
f07f477a362d3a4,weapon/fx8_hero_sig_disrupt_tripwire
f0839f0725a0afd,explosions/fx8_exp_grenade_mini_metal
f08a03b93370e05,killstreaks/fx_emp_explosion_equip
f0a22513c59cff9,zombie/fx8_magicbox_amb_open
f119e4541d0436d,_t7/killstreaks/fx_wh_contrail
f13753d22b8de6f,light/fx_light_veh_amws_single
f1447088543441e,impacts/fx_bul_impact_robot_head_nonfatal
f14fa8f511612df,maps/zm_white/fx8_toxic_gas_housing
f1657a59db0b8af,vehicle/fx_exhaust_jetpack_dbl_jmp_core
f183257769badd4,zm_weapons/fx8_tomahawk_pickup_ug
f190015ac9ded95,explosions/fx_exp_grenade_water
f19b5848f70e13e,weapon/fx8_hero_sig_disrupt_smartcover
f1ad908789e51bf,impacts/fx8_bul_impact_robot_head_fatal
f1bf2d51dc4eeb4,killstreaks/fx_mship_death
f1c833c523342f8,impacts/fx8_bul_impact_water_fatal_head
f1d44009bb4439b,killstreaks/fx_mship_lights
f1dd4811b5cd55d,_t6/impacts/fx_flesh_hit_splat_mp
f1e406285850459,impacts/fx8_bul_impact_glass_xlg
f1eed53c7ce423c,vehicle/fx8_treadfx_asphalt_tread_front
f1f6ba9fb9ace3c,impacts/fx_bul_impact_armor_head_fatal
f20984120720563,electric/fx_elec_sparks_directional_os_orange
f22dea0057c7923,zombie/fx_bgb_anywhere_but_here_teleport_zmb
f230f6cae8a5a4e,zm_ai/fx8_gegenees_shield_blast_impact
f23637af86eea76,zm_ai/fx8_stoker_death_tell
f23b5b260e5ab41,impacts/fx8_bul_impact_gravel_uw_xlg
f272e0c6945d319,vehicle/fx8_treadfx_sand_peel
f29c239e082d612,zm_weapons/fx8_aat_brain_decay_eye
f2a59f22bc1e7ff,explosions/fx8_vexp_truck_cargo
f2bd446dc5ed6df,fog/fx8_fog_ground_xlg
f2bfa562dfeb8b1,ui/fx_koth_marker_blue
f2fd8cc0f939caf,explosions/fx8_exp_rocket_dirt
f301164661e5a37,weapon/fx8_muz_lg_rifle_1p_4sqr_mb
f343db65affbe62,impacts/fx_bul_impact_armor_head_nonfatal_exit
f34a2de61d88b9c,electric/fx_elec_sparks_burst_xsm_omni_blue_os
f35c2cbc3234bbd,smoke/fx8_smk_column_wind_sm_short
f35cbb67bd0747c,zombie/fx_raygun_world_zmb
f3646628599a06c,impacts/fx8_bul_impact_glass_xsm
f365e5e4bd16758,zm_ai/fx8_zombie_tiger_death_exp
f39bc19eb030ef3,zombie/fx8_debrisbuy_amb
f3deafbeb3d197c,ui/fx_dom_marker_neutral
f3fae2c7c49ab33,vehicle/fx8_treadfx_asphalt_skid_emit
f4319c85555e4cd,dirt/fx_dust_fall_md_impact_lit
f447aeb1973f7b6,ui/fx8_infil_marker_neutral
f4494f805f7d989,smoke/fx8_smk_basic_sm
f44e2dcf3659dcb,impacts/fx8_bul_impact_soul_limb_fatal_uw
f4547fe2b5f06a3,maps/zm_towers/fx8_boss_attack_eye_trail_split
f45879d2658065c,zm_weapons/fx8_flamethrower_tornado
f465f1f1f51d354,vehicle/fx8_treadfx_default_peel
f48604cfb7f3a90,weapon/fx_trail_rocket_xm_puff
f494e7890c7396c,zm_weapons/fx8_www_drag_enemy_ember_arm_left
f4c0d9be8ebb8aa,weapon/fx_hero_minigun_muz_1p
f4f7d3d49485130,impacts/fx_flesh_hit_knife_zmb
f53b6d3c76a050e,zombie/fx_perk_mule_kick_zmb
f55f70f7a2c4822,ui/fx_koth_marker_white
f5b2ec51d9d2d73,zm_weapons/fx8_www_charging
f5fc09c0cdc5f55,ui/fx_kill_confirmed_vanish
f66b030f6861a1f,maps/zm_escape/fx8_packasplat_open
f6b5f67f7592f92,player/fx_plyr_footstep_tracker_rf
f7007b301e85690,impacts/fx_bul_impact_heavy_body_nonfatal_exit
f70a83cc8eeae11,explosions/fx_exp_grenade_surface_mud_child
f70c6a17e46041f,impacts/fx8_flechette_impact_blood_body_nonfatal
f712fa395d652a7,impacts/fx8_grapple_release_snow
f7395be64d09d55,maps/zm_zodt8/fx8_water_drip_stream_long
f74928beb07603f,zm_ai/fx8_gegenees_shield_blast_ch
f75022d8406d259,player/fx8_plyr_footstep_tracker_inair
f773d423fd77c20,fire/fx_fire_ai_robot_leg_right_os
f77a6e3e6fbf2d4,weather/fx_rain_system_drop_impact
f798cc570254d22,impacts/fx8_bul_impact_fireworks_runner_nonfatal
f7da0106357b42f,impacts/fx8_bul_impact_base_uw_xxlg
f7dd9a0dd873f38,maps/mp_jungle2/fx8_fire_floor_xsm
f7ec4b628659c6f,blood/fx_blood_impact_exp_body_lg
f7ef41fb4ea4904,player/fx_plyr_land_dust_xlg
f7f486ffc649075,player/fx8_plyr_blood_drip_last_stand_oil
f82c78914067d3a,impacts/fx_bul_impact_blood_head_fatal_uw
f82cb1645fb2bde,zm_weapons/fx8_aat_water_exp
f8663a0117229ca,zm_ai/fx8_blightfather_death
f876ab80adea4b0,_t6/bio/player/fx_footstep_sand
f89b396eea450c3,weapon/fx_trail_energy_pistol_knockback_emitter
f89cf76ab363c14,impacts/fx8_bul_impact_raven_limb_fatal_uw
f89d35196869e0e,impacts/fx_bul_impact_glass_hero_minigun
f89d3c170b71ae3,maps/mp_firingrange2/fx8_water_shower
f89fe9df643ffe1,zm_weapons/fx8_equip_mltv_fire_human_head_loop_zm
f8a40f6e6ac6e97,zombie/fx_tesla_tube_view3_ug_zmb
f8c54abf9d3489c,zm_weapons/fx8_www_impact_lvl3
f8c55abf9d34a4f,zm_weapons/fx8_www_impact_lvl2
f90f442be248933,maps/zm_towers/fx8_special_round_green_gas_lg
f936e5b7764e7ed,maps/zm_escape/fx8_blood_trail
f952342be28c1e7,maps/zm_towers/fx8_special_round_green_gas_md
f97ffa4754c1b86,impacts/fx8_bul_impact_raven_head_fatal_exit
f9d04c3401119ee,zombie/fx8_doorbuy_amb
f9d0a8e45ee201f,explosions/fx8_exp_elec_equip
fa1425266028adb,impacts/fx_bul_impact_armor_body_fatal_exit
fa398b62598bb1c,dirt/fx8_dust_fall_object_sm_child
fa5dbdf3b456f68,water/fx8_water_drip_line_100
fac0763243627f9,zm_weapons/fx8_music_box_open_world
fae1c95177309a0,killstreaks/fx_agr_gun_flash_3p
faeba7ac14ce809,zm_ai/fx8_bat_transform
fb42895177789b2,killstreaks/fx_agr_gun_flash_1p
fb8332b5393bf80,weapon/fx_hero_bow_lnchr_trail_emit_sm
fb8eddf36744ff0,explosions/fx_exp_grenade_emp
fba451426ea3bb7,explosions/fx8_exp_bomb_wood
fbd4773da74900d,dirt/fx8_dust_motes_200x200_light
fbef72a1d601e87,killstreaks/fx_vtol_supply_lights
fc03b8acf586264,weapon/fx8_equip_smart_cover_microwave_sm
fc189cbac886af7,zombie/fx8_magicbox_arrival_c
fc215919ecce5ac,electric/fx_elec_sparks_burst_sm_omni_blue_os
fc23546b2f1537b,weapon/fx8_shellejects_rifle_resting
fc247d893760e05,blood/fx_blood_impact_exp_robot_lg
fc3bdaa457b3cad,zm_weapons/fx8_www_dazed_vortex_end
fc52975edab9832,zm_ai/fx8_blightfather_maggot_spawn_burst
fc5556d48651b9e,weapon/fx8_trail_rocket_xm_mp
fca810e35332164,zm_ai/fx8_elec_bolt
fcdf3ef536ca6de,blood/fx_blood_sword_decal_impact_ground_zod_zmb
fd18f67f7b03454,player/fx_plyr_footstep_tracker_lf
fd60a8c5562c5a3,electric/fx_sparks_burst_dir_md_z225_orange_os
fd75b382e374a0a,killstreaks/fx8_drone_tank_stun
fd84fa2819c393d,maps/mp_firingrange2/fx8_water_shower_sm_floor
fdca22d949f33df,weapon/fx8_trail_crossbow_impaler
fdd021d80dd8fc6,weapon/fx8_trail_grenade
fdd06476c7a5a10,zm_weapons/fx8_raygun_view_zmb
fde1401d9ec3d6a,zm_ai/fx8_nova_crawler_gas_projectile
fde60ae30eb661d,zombie/fx_idgun_hole_lg_zod_zmb
fdf258f8d653b84,impacts/fx8_bul_impact_concrete_xlg
fe3a8dfdd67f179,zm_weapons/fx8_raygun2_ug_bolt_emit
fe484a8b162d6ac,zm_ai/fx8_elec_zombie_sparky_chest
fe9ce2e92b4f392,maps/mp_jungle2/fx8_fire_line_xsm
fecd0bde97a31ae,impacts/fx_impact_blast_decal_spawner_lg
fed8f4ff6c56dcb,weapon/fx_shellejects_rifle_resting
feda43f246fb3d3,impacts/fx8_grapple_release_water
fee81b0aad0ce10,killstreaks/fx_sentinel_exp
fee908797594362,vehicle/fx8_treadfx_water_tread_emit
ff135696ddaaaeb,zm_ai/fx8_blightfather_vomit_object
ff31218910df356,impacts/fx8_bul_impact_water_lg_decal
ff4c381c2b39758,zm_ai/fx8_cata_plasma_blast_ground
ff4f29aca61ed32,zm_weapons/fx8_aat_water_torso
ff88e4b147015b2,zm_weapons/fx8_chakram_trail
ffac0a5a97cd66e,killstreaks/fx8_agr_drop_box_wz
ffc1ecd101253f5,zm_ai/fx8_bat_transform_core
ffcc9abdf09a615,explosions/fx8_exp_rocket_lg_wood
